Unit:(mV)
                     CH1         CH2
Frequency    362.318 kHz           ?
Period          2.760 us           ?
00001            3280.00     3360.00
00002            3360.00       80.00
00003              80.00       80.00
00004               0.00       80.00
00005              80.00     3440.00
00006            3280.00     3360.00
00007            3360.00     3360.00
00008            3680.00      -80.00
00009              80.00       80.00
00010              80.00       80.00
00011            3280.00     3360.00
00012            3280.00     3360.00
00013            3360.00     3440.00
00014              80.00       80.00
00015               0.00        0.00
00016             160.00     1120.00
00017            3280.00     3440.00
00018            3280.00     3360.00
00019            3360.00       80.00
00020              80.00       80.00
00021              80.00        0.00
00022              80.00     3360.00
00023            3280.00     3360.00
00024            3280.00     3360.00
00025            3360.00       80.00
00026               0.00        0.00
00027              80.00        0.00
00028            1040.00     3600.00
00029            3280.00     3360.00
00030            3360.00     3440.00
00031              80.00       80.00
00032              80.00        0.00
00033              80.00       80.00
00034            3280.00     3440.00
00035            3360.00     3360.00
00036            3280.00     3680.00
00037              80.00       80.00
00038              80.00       80.00
00039              80.00     3360.00
00040            3360.00     3360.00
00041            3360.00     3360.00
00042            3440.00       80.00
00043              80.00        0.00
00044               0.00        0.00
00045              80.00     3520.00
00046            3280.00     3360.00
00047            3280.00     3360.00
00048            3040.00     -160.00
00049              80.00     3360.00
00050              80.00     3360.00
00051              80.00     3360.00
00052              80.00     3440.00
00053              80.00     3360.00
00054              80.00     3360.00
00055              80.00        0.00
00056              80.00     3360.00
00057            3360.00     3360.00
00058            3280.00     3360.00
00059            3360.00      -80.00
00060              80.00        0.00
00061              80.00        0.00
00062            3280.00     3440.00
00063            3280.00     3360.00
00064            3280.00     3360.00
00065              80.00       80.00
00066              80.00       80.00
00067              80.00      -80.00
00068            3280.00     3360.00
00069            3280.00     3440.00
00070            3360.00        0.00
00071              80.00        0.00
00072              80.00       80.00
00073              80.00     3360.00
00074            3280.00     3440.00
00075            3360.00     3360.00
00076            3360.00       80.00
00077               0.00       80.00
00078              80.00       80.00
00079             -80.00     3360.00
00080            3280.00     3440.00
00081            3280.00     3360.00
00082              80.00     3360.00
00083              80.00     3360.00
00084              80.00     3360.00
00085              80.00     3360.00
00086              80.00     3360.00
00087              80.00       80.00
00088              80.00       80.00
00089              80.00      -80.00
00090            3280.00     3360.00
00091            3280.00     3360.00
00092            3280.00       80.00
00093              80.00       80.00
00094              80.00       80.00
00095               0.00     3360.00
00096            3280.00     3360.00
00097            3360.00     3360.00
00098            3360.00       80.00
00099              80.00       80.00
00100              80.00       80.00
00101             -80.00     3360.00
00102            3360.00     3360.00
00103            3280.00     3360.00
00104              80.00        0.00
00105              80.00       80.00
00106               0.00      -80.00
00107            3280.00     3360.00
00108            3280.00     3360.00
00109            3360.00     3440.00
00110              80.00       80.00
00111              80.00       80.00
00112              80.00     3360.00
00113            3280.00     3360.00
00114            3280.00     3360.00
00115            3360.00       80.00
00116              80.00        0.00
00117              80.00       80.00
00118               0.00     3280.00
00119            3280.00     3360.00
00120            3280.00     3360.00
00121            3440.00        0.00
00122              80.00       80.00
00123              80.00       80.00
00124            3360.00     3360.00
00125            3360.00     3360.00
00126            3280.00     3360.00
00127               0.00       80.00
00128              80.00       80.00
00129              80.00      -80.00
00130            3280.00     3360.00
00131            3280.00     3360.00
00132            3280.00       80.00
00133              80.00        0.00
00134              80.00        0.00
00135               0.00     3360.00
00136            3280.00     3360.00
00137            3360.00     3360.00
00138            3360.00       80.00
00139              80.00     3360.00
00140              80.00     3360.00
00141              80.00     3360.00
00142              80.00     3360.00
00143              80.00     3360.00
00144              80.00     3360.00
00145              80.00        0.00
00146              80.00     3360.00
00147            3280.00     3360.00
00148            3280.00     3360.00
00149            3280.00       80.00
00150               0.00       80.00
00151              80.00       80.00
00152              80.00     3440.00
00153            3280.00     3360.00
00154            3280.00     3440.00
00155            3360.00      -80.00
00156              80.00        0.00
00157              80.00       80.00
00158            3280.00     3360.00
00159            3280.00     3360.00
00160            3280.00     3280.00
00161              80.00       80.00
00162               0.00       80.00
00163              80.00      -80.00
00164            3280.00     3360.00
00165            3280.00     3360.00
00166            3280.00       80.00
00167               0.00       80.00
00168              80.00       80.00
00169              80.00     3440.00
00170            3360.00     3440.00
00171            3280.00     3360.00
00172              80.00     3360.00
00173              80.00     3360.00
00174              80.00     3360.00
00175              80.00     3360.00
00176              80.00     3360.00
00177            3440.00     -160.00
00178              80.00       80.00
00179              80.00       80.00
00180            3280.00     3360.00
00181            3280.00     3360.00
00182            3280.00     3360.00
00183              80.00        0.00
00184              80.00       80.00
00185              80.00      -80.00
00186            3280.00     3360.00
00187            3360.00     3360.00
00188            3360.00       80.00
00189              80.00       80.00
00190              80.00       80.00
00191              80.00     3440.00
00192            3280.00     3360.00
00193            3280.00     3360.00
00194            3280.00        0.00
00195               0.00       80.00
00196              80.00       80.00
00197             -80.00     3440.00
00198            3280.00     3360.00
00199            3280.00     3360.00
00200              80.00       80.00
00201              80.00        0.00
00202              80.00       80.00
00203            3360.00     3360.00
00204            3280.00     3360.00
00205            3120.00     3520.00
00206              80.00       80.00
00207              80.00       80.00
00208              80.00     3360.00
00209            3280.00     3360.00
00210            3360.00     3360.00
00211            3280.00        0.00
00212              80.00        0.00
00213               0.00        0.00
00214              80.00     3360.00
00215            3280.00     3440.00
00216            3360.00     3440.00
00217            3440.00      -80.00
00218              80.00       80.00
00219             160.00       80.00
00220            3360.00     3360.00
00221            3280.00     3360.00
00222            3280.00     3360.00
00223               0.00       80.00
00224               0.00       80.00
00225             -80.00      -80.00
00226            3280.00     3360.00
00227            3360.00     3440.00
00228            3360.00       80.00
00229              80.00     3360.00
00230              80.00     3360.00
00231              80.00     3360.00
00232              80.00     3360.00
00233              80.00     3360.00
00234              80.00     3360.00
00235              80.00      -80.00
00236              80.00       80.00
00237            3280.00     3360.00
00238            3280.00     3360.00
00239            3360.00     4000.00
00240              80.00       80.00
00241               0.00       80.00
00242               0.00     3360.00
00243            3360.00     3360.00
00244            3360.00     3440.00
00245            3360.00       80.00
00246              80.00       80.00
00247              80.00        0.00
00248              80.00     3360.00
00249            3280.00     3360.00
00250            3360.00     3440.00
00251            3760.00        0.00
00252               0.00       80.00
00253              80.00       80.00
00254            3280.00     3360.00
00255            3280.00     3360.00
00256            3360.00     3440.00
00257              80.00       80.00
00258              80.00       80.00
00259             160.00      800.00
00260            3280.00     3360.00
00261            3280.00     3360.00
00262              80.00     3360.00
00263              80.00     3360.00
00264              80.00     3360.00
00265              80.00     3280.00
00266              80.00     3360.00
00267            3360.00     3360.00
00268               0.00       80.00
00269              80.00        0.00
00270              80.00     3360.00
00271            3280.00     3360.00
00272            3360.00     3360.00
00273            3360.00       80.00
00274              80.00        0.00
00275              80.00       80.00
00276              80.00     3440.00
00277            3280.00     3440.00
00278            3280.00     3360.00
00279            3360.00       80.00
00280              80.00       80.00
00281               0.00        0.00
00282            3280.00     3360.00
00283            3280.00     3360.00
00284            3360.00     3360.00
00285              80.00       80.00
00286              80.00       80.00
00287              80.00       80.00
00288            3360.00     3360.00
00289            3360.00     3360.00
00290            3360.00       80.00
00291              80.00       80.00
00292               0.00       80.00
00293               0.00     3360.00
00294            3280.00     3360.00
00295            3280.00     3360.00
00296            3360.00        0.00
00297              80.00       80.00
00298              80.00       80.00
00299               0.00     3360.00
00300            3280.00     3440.00
00301            3360.00     3440.00
00302              80.00       80.00
00303              80.00       80.00
00304              80.00       80.00
00305            3280.00     3360.00
00306            3360.00     3360.00
00307            3440.00     3440.00
00308              80.00       80.00
00309              80.00       80.00
00310              80.00     3280.00
00311            3280.00     3440.00
00312            3280.00     3360.00
00313            3440.00       80.00
00314               0.00       80.00
00315              80.00       80.00
00316              80.00     3440.00
00317            3280.00     3360.00
00318            3360.00     3360.00
00319              80.00     3360.00
00320              80.00     3360.00
00321              80.00     3360.00
00322              80.00     3360.00
00323              80.00     3360.00
00324              80.00     3360.00
00325              80.00       80.00
00326              80.00       80.00
00327              80.00     3360.00
00328            3280.00     3360.00
00329            3280.00     3440.00
00330            3360.00       80.00
00331              80.00        0.00
00332              80.00       80.00
00333             -80.00     3120.00
00334            3360.00     3440.00
00335            3280.00     3360.00
00336              80.00        0.00
00337              80.00       80.00
00338             -80.00      -80.00
00339            3280.00     3360.00
00340            3360.00     3360.00
00341            3600.00     3440.00
00342              80.00        0.00
00343              80.00       80.00
00344              80.00     3360.00
00345            3280.00     3360.00
00346            3280.00     3360.00
00347            3280.00       80.00
00348              80.00       80.00
00349              80.00       80.00
00350             -80.00     3280.00
00351            3280.00     3360.00
00352              80.00     3360.00
00353              80.00     3360.00
00354               0.00     3360.00
00355              80.00     3440.00
00356             160.00     3360.00
00357            3280.00     3360.00
00358              80.00        0.00
00359              80.00       80.00
00360               0.00     -160.00
00361            3280.00     3440.00
00362            3280.00     3360.00
00363            3600.00     3360.00
00364              80.00       80.00
00365               0.00      -80.00
00366              80.00     3360.00
00367            3280.00     3360.00
00368            3280.00     3360.00
00369            3280.00       80.00
00370              80.00       80.00
00371              80.00       80.00
00372            -160.00     3280.00
00373            3280.00     3360.00
00374            3280.00     3360.00
00375            3360.00      240.00
00376              80.00       80.00
00377              80.00       80.00
00378            3280.00     3360.00
00379            3280.00     3360.00
00380            3440.00     3520.00
00381              80.00       80.00
00382              80.00       80.00
00383               0.00     -400.00
00384            3280.00     3440.00
00385            3280.00     3360.00
00386            3280.00       80.00
00387              80.00       80.00
00388              80.00       80.00
00389              80.00     3360.00
00390            3280.00     3360.00
00391            3280.00     3360.00
00392            3440.00      160.00
00393              80.00        0.00
00394              80.00        0.00
00395            -320.00     3200.00
00396            3280.00     3440.00
00397            3280.00     3360.00
00398              80.00        0.00
00399               0.00       80.00
00400               0.00      -80.00
00401            3280.00     3440.00
00402            3360.00     3360.00
00403            3600.00     3520.00
00404              80.00       80.00
00405               0.00        0.00
00406              80.00     3360.00
00407            3360.00     3360.00
00408            3280.00     3360.00
00409               0.00     3360.00
00410              80.00     3360.00
00411              80.00     3360.00
00412              80.00     3360.00
00413              80.00     3360.00
00414              80.00     3440.00
00415              80.00        0.00
00416              80.00       80.00
00417              80.00       80.00
00418            3280.00     3360.00
00419            3360.00     3360.00
00420            3200.00     3360.00
00421              80.00        0.00
00422              80.00       80.00
00423              80.00     3360.00
00424            3280.00     3360.00
00425            3280.00     3360.00
00426            3280.00       80.00
00427              80.00       80.00
00428              80.00       80.00
00429              80.00     3440.00
00430            3280.00     3360.00
00431            3360.00     3440.00
00432            3360.00      -80.00
00433              80.00       80.00
00434              80.00       80.00
00435            3280.00     3440.00
00436            3280.00     3360.00
00437            3280.00     3360.00
00438              80.00       80.00
00439              80.00       80.00
00440              80.00      -80.00
00441            3280.00     3360.00
00442              80.00     3360.00
00443              80.00     3360.00
00444              80.00     3360.00
00445              80.00     3360.00
00446              80.00     3280.00
00447            3280.00     3360.00
00448            3280.00        0.00
00449              80.00       80.00
00450              80.00       80.00
00451              80.00     3440.00
00452            3280.00     3360.00
00453            3280.00     3360.00
00454            3440.00     -160.00
00455              80.00       80.00
00456              80.00       80.00
00457            3280.00     3440.00
00458            3280.00     3360.00
00459            3280.00     3360.00
00460              80.00       80.00
00461              80.00       80.00
00462             -80.00      -80.00
00463            3280.00     3360.00
00464            3360.00     3360.00
00465            3360.00        0.00
00466              80.00       80.00
00467               0.00        0.00
00468              80.00     3360.00
00469            3280.00     3360.00
00470            3360.00     3440.00
00471            3280.00        0.00
00472              80.00        0.00
00473              80.00       80.00
00474              80.00     3280.00
00475            3280.00     3440.00
00476            3280.00     3360.00
00477              80.00       80.00
00478              80.00       80.00
00479              80.00        0.00
00480            3280.00     3360.00
00481            3280.00     3440.00
00482            3200.00     3440.00
00483              80.00        0.00
00484               0.00        0.00
00485              80.00     3360.00
00486            3280.00     3360.00
00487            3280.00     3360.00
00488            3280.00        0.00
00489              80.00       80.00
00490              80.00        0.00
00491              80.00     3360.00
00492            3360.00     3440.00
00493            3360.00     3360.00
00494            3360.00      -80.00
00495              80.00       80.00
00496              80.00       80.00
00497            3280.00     3360.00
00498            3280.00     3360.00
00499              80.00     3440.00
00500              80.00     3360.00
00501              80.00     3280.00
00502              80.00     3360.00
00503              80.00     3360.00
00504              80.00     3360.00
00505            3360.00      160.00
00506              80.00        0.00
00507              80.00       80.00
00508              80.00     3360.00
00509            3280.00     3360.00
00510            3280.00     3360.00
00511            3360.00       80.00
00512               0.00       80.00
00513              80.00      -80.00
00514            3280.00     3360.00
00515            3280.00     3440.00
00516            3280.00     3440.00
00517              80.00       80.00
00518              80.00        0.00
00519               0.00        0.00
00520            3280.00     3360.00
00521            3360.00     3440.00
00522            3360.00       80.00
00523              80.00       80.00
00524              80.00       80.00
00525               0.00     3360.00
00526            3280.00     3440.00
00527            3280.00     3440.00
00528            3360.00       80.00
00529              80.00       80.00
00530              80.00        0.00
00531              80.00     3280.00
00532              80.00     3360.00
00533              80.00     3440.00
00534              80.00     3360.00
00535              80.00     3360.00
00536              80.00     3360.00
00537            3280.00     3360.00
00538            3360.00     3440.00
00539              80.00       80.00
00540               0.00        0.00
00541              80.00        0.00
00542            3280.00     3360.00
00543            3360.00     3360.00
00544            3360.00       80.00
00545              80.00        0.00
00546              80.00       80.00
00547               0.00     3360.00
00548            3280.00     3440.00
00549            3280.00     3360.00
00550            3360.00       80.00
00551              80.00        0.00
00552              80.00        0.00
00553              80.00     3360.00
00554            3280.00     3360.00
00555            3360.00     3360.00
00556              80.00       80.00
00557               0.00       80.00
00558              80.00       80.00
00559            3360.00     3360.00
00560            3360.00     3360.00
00561            3360.00     3440.00
00562              80.00       80.00
00563              80.00       80.00
00564               0.00     3360.00
00565            3280.00     3440.00
00566            3280.00     3360.00
00567            3360.00       80.00
00568              80.00       80.00
00569              80.00       80.00
00570              80.00     3440.00
00571            3280.00     3360.00
00572            3360.00     3360.00
00573            3280.00       80.00
00574              80.00       80.00
00575              80.00       80.00
00576            3280.00     3360.00
00577            3360.00     3360.00
00578            3280.00     3440.00
00579              80.00        0.00
00580              80.00       80.00
00581             160.00      -80.00
00582            3280.00     3360.00
00583            3280.00     3360.00
00584            3360.00       80.00
00585              80.00       80.00
00586              80.00       80.00
00587               0.00     3360.00
00588            3280.00     3440.00
00589              80.00     3360.00
00590              80.00     3360.00
00591              80.00     3280.00
00592              80.00     3360.00
00593             160.00     3360.00
00594              80.00     3360.00
00595            3360.00     3360.00
00596              80.00        0.00
00597              80.00        0.00
00598              80.00      -80.00
00599            3280.00     3360.00
00600            3280.00     3360.00
00601            3280.00       80.00
00602              80.00        0.00
00603              80.00      -80.00
00604              80.00     3360.00
00605            3280.00     3360.00
00606            3360.00     3360.00
00607            3360.00       80.00
00608              80.00        0.00
00609              80.00       80.00
00610             -80.00     3360.00
00611            3280.00     3360.00
00612            3280.00     3360.00
00613               0.00       80.00
00614              80.00       80.00
00615               0.00      -80.00
00616            3280.00     3360.00
00617            3280.00     3360.00
00618            3280.00     3440.00
00619              80.00       80.00
00620              80.00       80.00
00621              80.00     3440.00
00622               0.00     3360.00
00623              80.00     3360.00
00624              80.00     3360.00
00625              80.00     3360.00
00626              80.00     3360.00
00627            3360.00     3360.00
00628            3280.00     3360.00
00629            3360.00       80.00
00630              80.00        0.00
00631              80.00       80.00
00632             -80.00     3360.00
00633            3360.00     3360.00
00634            3360.00     3440.00
00635              80.00        0.00
00636               0.00      -80.00
00637              80.00      -80.00
00638            3280.00     3360.00
00639            3280.00     3360.00
00640            3280.00     3520.00
00641              80.00       80.00
00642              80.00       80.00
00643              80.00     3360.00
00644            3280.00     3360.00
00645            3280.00     3360.00
00646            3280.00       80.00
00647               0.00        0.00
00648               0.00       80.00
00649               0.00     3360.00
00650            3280.00     3360.00
00651            3280.00     3360.00
00652            3360.00       80.00
00653              80.00       80.00
00654              80.00        0.00
00655            3280.00     3440.00
00656            3280.00     3360.00
00657            3360.00     3440.00
00658              80.00       80.00
00659              80.00        0.00
00660              80.00      -80.00
00661            3280.00     3440.00
00662            3360.00     3360.00
00663            3280.00       80.00
00664              80.00       80.00
00665              80.00        0.00
00666               0.00     3360.00
00667            3280.00     3440.00
00668            3280.00     3360.00
00669            3360.00       80.00
00670              80.00       80.00
00671              80.00       80.00
00672               0.00     3360.00
00673            3280.00     3360.00
00674            3360.00     3360.00
00675              80.00       80.00
00676              80.00       80.00
00677              80.00      -80.00
00678            3280.00     3360.00
00679              80.00     3360.00
00680              80.00     3360.00
00681              80.00     3360.00
00682              80.00     3360.00
00683              80.00     3280.00
00684              80.00     3360.00
00685            3360.00     3360.00
00686            3360.00       80.00
00687              80.00        0.00
00688              80.00       80.00
00689              80.00     3360.00
00690            3280.00     3360.00
00691            3280.00     3360.00
00692             800.00      -80.00
00693              80.00       80.00
00694              80.00        0.00
00695            3280.00     3360.00
00696            3360.00     3360.00
00697            3280.00     3360.00
00698              80.00       80.00
00699              80.00       80.00
00700              80.00     3280.00
00701            3280.00     3360.00
00702            3280.00     3360.00
00703            3360.00       80.00
00704              80.00       80.00
00705              80.00       80.00
00706               0.00     3360.00
00707            3280.00     3440.00
00708            3280.00     3360.00
00709            3280.00      -80.00
00710              80.00       80.00
00711              80.00     3440.00
00712               0.00     3360.00
00713              80.00     3360.00
00714              80.00     3360.00
00715              80.00     3440.00
00716              80.00       80.00
00717            3280.00     3360.00
00718            3280.00     3360.00
00719            3280.00     3360.00
00720              80.00       80.00
00721              80.00       80.00
00722              80.00     3360.00
00723            3280.00     3360.00
00724            3280.00     3360.00
00725            3280.00       80.00
00726               0.00       80.00
00727              80.00       80.00
00728              80.00     3360.00
00729            3280.00     3360.00
00730            3280.00     3360.00
00731            3360.00        0.00
00732              80.00       80.00
00733              80.00       80.00
00734            3280.00     3360.00
00735            3280.00     3360.00
00736            3360.00     3360.00
00737              80.00        0.00
00738              80.00       80.00
00739               0.00       80.00
00740            3280.00     3360.00
00741            3280.00     3360.00
00742            3280.00      560.00
00743               0.00        0.00
00744              80.00       80.00
00745               0.00     3440.00
00746            3280.00     3360.00
00747            3280.00     3360.00
00748            3360.00        0.00
00749              80.00        0.00
00750              80.00       80.00
00751               0.00     3360.00
00752            3360.00     3360.00
00753            3280.00     3360.00
00754             240.00      -80.00
00755              80.00        0.00
00756              80.00        0.00
00757            3280.00     3360.00
00758            3280.00     3360.00
00759            3280.00     3360.00
00760              80.00        0.00
00761              80.00       80.00
00762              80.00     3360.00
00763            3280.00     3360.00
00764            3280.00     3360.00
00765            3280.00       80.00
00766              80.00        0.00
00767              80.00       80.00
00768              80.00     3360.00
00769              80.00     3360.00
00770              80.00     3360.00
00771              80.00     3360.00
00772              80.00     3360.00
00773              80.00     3360.00
00774              80.00     3360.00
00775            3280.00     3360.00
00776            3360.00       80.00
00777              80.00       80.00
00778              80.00       80.00
00779               0.00     3280.00
00780            3280.00     3440.00
00781            3360.00     3360.00
00782            3360.00       80.00
00783              80.00       80.00
00784               0.00        0.00
00785              80.00     3360.00
00786            3280.00     3360.00
00787            3360.00     3440.00
00788              80.00       80.00
00789              80.00       80.00
00790              80.00       80.00
00791            3280.00     3360.00
00792            3360.00     3360.00
00793            3440.00     3440.00
00794              80.00        0.00
00795              80.00        0.00
00796               0.00     3360.00
00797            3360.00     3360.00
00798            3280.00     3440.00
00799            3360.00      160.00
00800               0.00       80.00
00801              80.00     3360.00
00802              80.00     3360.00
00803              80.00     3360.00
00804              80.00     3360.00
00805              80.00     3360.00
00806              80.00        0.00
00807              80.00     3440.00
00808            3360.00     3360.00
00809            3440.00     3440.00
00810              80.00       80.00
00811              80.00       80.00
00812              80.00       80.00
00813            3280.00     3360.00
00814            3280.00     3360.00
00815            3360.00     3360.00
00816              80.00       80.00
00817              80.00        0.00
00818              80.00     3360.00
00819            3280.00     3360.00
00820            3360.00     3440.00
00821            3440.00       80.00
00822              80.00       80.00
00823              80.00       80.00
00824              80.00     3440.00
00825            3280.00     3440.00
00826            3280.00     3360.00
00827            3360.00      160.00
00828              80.00       80.00
00829              80.00        0.00
00830            3280.00     3360.00
00831            3360.00     3360.00
00832            3360.00     3440.00
00833              80.00       80.00
00834              80.00       80.00
00835              80.00        0.00
00836            3280.00     3360.00
00837            3280.00     3360.00
00838            3360.00       80.00
00839              80.00       80.00
00840              80.00        0.00
00841               0.00     3280.00
00842            3280.00     3360.00
00843            3360.00     3440.00
00844            3280.00       80.00
00845              80.00       80.00
00846              80.00       80.00
00847              80.00     3440.00
00848            3280.00     3360.00
00849            3360.00     3440.00
00850              80.00        0.00
00851              80.00        0.00
00852              80.00       80.00
00853            3280.00     3440.00
00854            3280.00     3440.00
00855            3440.00     3360.00
00856              80.00       80.00
00857              80.00        0.00
00858              80.00     3360.00
00859              80.00     3360.00
00860              80.00     3360.00
00861              80.00     3360.00
00862              80.00     3360.00
00863              80.00     3360.00
00864              80.00     3360.00
00865            3280.00     3360.00
00866            3280.00     3360.00
00867              80.00       80.00
00868              80.00       80.00
00869              80.00      -80.00
00870            3280.00     3360.00
00871            3360.00     3360.00
00872            3360.00     3440.00
00873              80.00       80.00
00874              80.00        0.00
00875              80.00     3440.00
00876            3280.00     3360.00
00877            3360.00     3360.00
00878            3280.00       80.00
00879              80.00       80.00
00880              80.00        0.00
00881               0.00     3360.00
00882            3280.00     3360.00
00883            3360.00     3360.00
00884            3360.00       80.00
00885              80.00       80.00
00886              80.00       80.00
00887            3280.00     3360.00
00888            3280.00     3360.00
00889            3360.00     3440.00
00890              80.00       80.00
00891               0.00     3360.00
00892              80.00     3360.00
00893              80.00     3360.00
00894              80.00     3440.00
00895              80.00     3360.00
00896              80.00       80.00
00897              80.00     3360.00
00898            3280.00     3360.00
00899            3280.00     3440.00
00900            3280.00        0.00
00901              80.00        0.00
00902              80.00       80.00
00903               0.00     3360.00
00904            3280.00     3360.00
00905            3280.00     3440.00
00906            3440.00        0.00
00907              80.00       80.00
00908              80.00       80.00
00909            3280.00     3360.00
00910            3360.00     3360.00
00911            3360.00     3440.00
00912              80.00       80.00
00913               0.00       80.00
00914              80.00      -80.00
00915            3200.00     3360.00
00916            3280.00     3440.00
00917            3360.00        0.00
00918              80.00       80.00
00919              80.00       80.00
00920               0.00     3360.00
00921            3280.00     3360.00
00922            3360.00     3360.00
00923            3360.00       80.00
00924              80.00       80.00
00925              80.00       80.00
00926             -80.00     3360.00
00927            3280.00     3440.00
00928            3280.00     3360.00
00929              80.00       80.00
00930               0.00        0.00
00931              80.00        0.00
00932            3360.00     3360.00
00933            3280.00     3360.00
00934            3280.00     3440.00
00935              80.00       80.00
00936              80.00       80.00
00937               0.00     3360.00
00938            3280.00     3360.00
00939            3360.00     3360.00
00940            3360.00       80.00
00941              80.00       80.00
00942              80.00       80.00
00943               0.00     3360.00
00944            3280.00     3360.00
00945            3360.00     3360.00
00946            3440.00       80.00
00947              80.00        0.00
00948              80.00     3360.00
00949              80.00     3440.00
00950              80.00     3360.00
00951              80.00     3360.00
00952              80.00     3360.00
00953              80.00     3360.00
00954             160.00     3040.00
00955            3360.00     3360.00
00956            3280.00     3360.00
00957            3280.00        0.00
00958              80.00        0.00
00959              80.00       80.00
00960              80.00     3360.00
00961            3280.00     3360.00
00962            3360.00     3360.00
00963            3280.00        0.00
00964              80.00       80.00
00965              80.00       80.00
00966            3120.00     3360.00
00967            3280.00     3360.00
00968            3280.00     3440.00
00969              80.00       80.00
00970               0.00        0.00
00971              80.00        0.00
00972            3280.00     3360.00
00973            3360.00     3440.00
00974            3200.00      720.00
00975              80.00       80.00
00976              80.00       80.00
00977              80.00     3440.00
00978            3280.00     3440.00
00979            3360.00     3360.00
00980            3280.00        0.00
00981              80.00     3360.00
00982              80.00     3360.00
00983               0.00     3360.00
00984              80.00     3360.00
00985              80.00     3360.00
00986              80.00       80.00
00987              80.00       80.00
00988            3280.00     3360.00
00989            3280.00     3360.00
00990            3280.00     3360.00
00991              80.00       80.00
00992              80.00       80.00
00993              80.00      -80.00
00994            3280.00     3280.00
00995            3280.00     3360.00
00996            3200.00      400.00
00997              80.00       80.00
00998              80.00       80.00
00999              80.00     3440.00
01000            3360.00     3360.00
01001            3360.00     3360.00
01002            3280.00       80.00
01003              80.00       80.00
01004              80.00       80.00
01005              80.00     3280.00
01006            3360.00     3360.00
01007            3280.00     3360.00
01008             240.00       80.00
01009              80.00        0.00
01010              80.00      -80.00
01011            3280.00     3440.00
01012            3280.00     3440.00
01013            3280.00     3360.00
01014              80.00       80.00
01015              80.00       80.00
01016              80.00     3360.00
01017            3280.00     3360.00
01018            3280.00     3360.00
01019            3280.00       80.00
01020              80.00       80.00
01021              80.00        0.00
01022               0.00     3440.00
01023            3360.00     3360.00
01024            3360.00     3440.00
01025            3280.00        0.00
01026              80.00       80.00
01027              80.00       80.00
01028            3280.00     3360.00
01029            3360.00     3440.00
01030            3280.00     3360.00
01031               0.00       80.00
01032              80.00       80.00
01033              80.00      -80.00
01034            3280.00     3360.00
01035            3280.00     3360.00
01036            3280.00      240.00
01037              80.00       80.00
01038              80.00     3360.00
01039              80.00     3360.00
01040              80.00     3360.00
01041              80.00     3360.00
01042              80.00     3360.00
01043              80.00     3360.00
01044             160.00        0.00
01045             880.00     3440.00
01046            3280.00     3360.00
01047            3360.00     3360.00
01048              80.00       80.00
01049               0.00       80.00
01050             160.00       80.00
01051            3280.00     3360.00
01052            3280.00     3440.00
01053            3360.00     3760.00
01054              80.00       80.00
01055              80.00       80.00
01056              80.00     3360.00
01057            3280.00     3440.00
01058            3360.00     3360.00
01059            3280.00       80.00
01060              80.00       80.00
01061              80.00        0.00
01062              80.00     3440.00
01063            3280.00     3360.00
01064            3280.00     3440.00
01065            3280.00      -80.00
01066              80.00        0.00
01067              80.00       80.00
01068            3280.00     3440.00
01069            3360.00     3360.00
01070            3280.00     3440.00
01071              80.00     3360.00
01072              80.00     3360.00
01073              80.00     3360.00
01074              80.00     3360.00
01075              80.00     3280.00
01076              80.00       80.00
01077              80.00        0.00
01078               0.00     3360.00
01079            3360.00     3360.00
01080            3360.00     3360.00
01081            3360.00       80.00
01082              80.00       80.00
01083               0.00        0.00
01084              80.00     3440.00
01085            3280.00     3360.00
01086            3360.00     3360.00
01087            2960.00      -80.00
01088              80.00       80.00
01089              80.00        0.00
01090            3280.00     3360.00
01091            3280.00     3360.00
01092            3280.00     3360.00
01093              80.00       80.00
01094              80.00       80.00
01095             160.00     1840.00
01096            3360.00     3360.00
01097            3280.00     3360.00
01098            3280.00        0.00
01099              80.00       80.00
01100               0.00        0.00
01101               0.00     3360.00
01102            3280.00     3360.00
01103            3360.00     3360.00
01104            3280.00      -80.00
01105              80.00       80.00
01106              80.00        0.00
01107            1600.00     3440.00
01108            3280.00     3360.00
01109            3360.00     3440.00
01110              80.00       80.00
01111              80.00        0.00
01112             160.00        0.00
01113            3280.00     3360.00
01114            3280.00     3360.00
01115            3280.00     2960.00
01116              80.00        0.00
01117              80.00       80.00
01118              80.00     3280.00
01119            3280.00     3360.00
01120            3360.00     3360.00
01121            3280.00       80.00
01122              80.00        0.00
01123               0.00       80.00
01124              80.00     3440.00
01125            3280.00     3360.00
01126            3280.00     3440.00
01127            2240.00     -160.00
01128              80.00     3360.00
01129              80.00     3360.00
01130            3280.00     3360.00
01131            3280.00     3360.00
01132            3280.00     3360.00
01133            3280.00     3360.00
01134              80.00       80.00
01135              80.00     3280.00
01136            3280.00     3360.00
01137            3360.00     3360.00
01138            3280.00      -80.00
01139              80.00        0.00
01140              80.00        0.00
01141            2320.00     3440.00
01142            3280.00     3360.00
01143            3280.00     3360.00
01144              80.00       80.00
01145              80.00       80.00
01146             -80.00     -160.00
01147            3280.00     3360.00
01148            3280.00     3360.00
01149            3600.00     3440.00
01150              80.00        0.00
01151              80.00       80.00
01152               0.00     3360.00
01153            3280.00     3360.00
01154            3280.00     3360.00
01155            3360.00        0.00
01156              80.00        0.00
01157               0.00        0.00
01158              80.00     3440.00
01159            3280.00     3360.00
01160            3280.00     3440.00
01161            3280.00     3360.00
01162            3280.00     3360.00
01163            3280.00     3360.00
01164            3360.00     3360.00
01165            3280.00     3360.00
01166            3280.00        0.00
01167              80.00       80.00
01168              80.00       80.00
01169             -80.00     3520.00
01170            3280.00     3360.00
01171            3360.00     3360.00
01172              80.00       80.00
01173              80.00       80.00
01174              80.00        0.00
01175            3360.00     3360.00
01176            3360.00     3360.00
01177            3360.00     3440.00
01178              80.00       80.00
01179               0.00        0.00
01180              80.00     3360.00
01181            3280.00     3360.00
01182            3360.00     3360.00
01183            3280.00       80.00
01184              80.00       80.00
01185              80.00        0.00
01186              80.00     3440.00
01187            3280.00     3360.00
01188            3280.00     3360.00
01189            3360.00      -80.00
01190              80.00       80.00
01191               0.00      -80.00
01192            3360.00     3440.00
01193            3280.00     3360.00
01194            3360.00     3440.00
01195              80.00       80.00
01196              80.00        0.00
01197               0.00      -80.00
01198            3360.00     3360.00
01199            3360.00     3360.00
01200            3280.00       80.00
01201              80.00       80.00
01202              80.00      -80.00
01203              80.00     3440.00
01204            3360.00     3440.00
01205            3280.00     3440.00
01206            3280.00      -80.00
01207              80.00        0.00
01208              80.00       80.00
01209               0.00     3440.00
01210            3280.00     3360.00
01211            3360.00     3440.00
01212              80.00       80.00
01213              80.00       80.00
01214              80.00       80.00
01215            3360.00     3280.00
01216            3360.00     3360.00
01217            3280.00     3440.00
01218            3280.00     3440.00
01219            3280.00     3360.00
01220            3280.00     3360.00
01221            3360.00     3280.00
01222            3360.00     3360.00
01223            3280.00     3360.00
01224              80.00       80.00
01225              80.00       80.00
01226            3360.00     3360.00
01227            3280.00     3360.00
01228            3280.00     3360.00
01229              80.00       80.00
01230              80.00      -80.00
01231              80.00      -80.00
01232            3360.00     3360.00
01233            3360.00     3360.00
01234            3200.00      720.00
01235              80.00       80.00
01236              80.00       80.00
01237               0.00     3360.00
01238            3280.00     3440.00
01239            3360.00     3360.00
01240            3360.00       80.00
01241              80.00        0.00
01242              80.00        0.00
01243               0.00     3360.00
01244            3280.00     3360.00
01245            3280.00     3360.00
01246              80.00      -80.00
01247              80.00       80.00
01248              80.00       80.00
01249            3360.00     3360.00
01250            3280.00     3360.00
01251            3360.00     3360.00
01252            3280.00     3360.00
01253            3280.00     3360.00
01254            3360.00     3360.00
01255            3360.00     3360.00
01256            3200.00      560.00
01257              80.00        0.00
01258              80.00        0.00
01259               0.00     3360.00
01260            3280.00     3360.00
01261            3360.00     3440.00
01262            3360.00       80.00
01263              80.00       80.00
01264              80.00       80.00
01265               0.00     3280.00
01266            3280.00     3360.00
01267            3360.00     3360.00
01268             160.00       80.00
01269              80.00       80.00
01270              80.00        0.00
01271            3280.00     3440.00
01272            3280.00     3360.00
01273            3360.00     3280.00
01274              80.00       80.00
01275              80.00       80.00
01276               0.00     3360.00
01277            3280.00     3360.00
01278            3360.00     3440.00
01279            3360.00       80.00
01280              80.00        0.00
01281              80.00       80.00
01282              80.00     3440.00
01283            3280.00     3360.00
01284            3280.00     3360.00
01285            3360.00       80.00
01286              80.00       80.00
01287              80.00        0.00
01288            3280.00     3360.00
01289            3280.00     3360.00
01290            3360.00     3440.00
01291              80.00      -80.00
01292              80.00        0.00
01293              80.00       80.00
01294            3360.00     3360.00
01295            3280.00     3360.00
01296            3280.00      240.00
01297              80.00       80.00
01298              80.00       80.00
01299              80.00     3360.00
01300            3360.00     3360.00
01301            3280.00     3360.00
01302            3360.00       80.00
01303              80.00        0.00
01304              80.00       80.00
01305              80.00     3360.00
01306            3360.00     3440.00
01307            3280.00     3360.00
01308            3280.00     3360.00
01309            3280.00     3360.00
01310            3360.00     3280.00
01311            3280.00     3360.00
01312            3280.00     3360.00
01313            3280.00     3360.00
01314              80.00       80.00
01315              80.00        0.00
01316              80.00     3360.00
01317            3360.00     3360.00
01318            3280.00     3440.00
01319            3360.00       80.00
01320              80.00        0.00
01321              80.00       80.00
01322            3280.00     3360.00
01323            3280.00     3360.00
01324            3360.00     3440.00
01325              80.00       80.00
01326              80.00       80.00
01327              80.00        0.00
01328            3280.00     3360.00
01329            3360.00     3360.00
01330            3200.00     3520.00
01331              80.00       80.00
01332              80.00        0.00
01333              80.00     3440.00
01334            3360.00     3360.00
01335            3280.00     3360.00
01336            3280.00       80.00
01337              80.00       80.00
01338              80.00      -80.00
01339              80.00     3360.00
01340            3280.00     3360.00
01341            3280.00     3360.00
01342            3280.00     3360.00
01343            3360.00     3360.00
01344            3280.00     3360.00
01345            3280.00     3360.00
01346            3440.00     3440.00
01347              80.00       80.00
01348              80.00       80.00
01349             160.00      160.00
01350            3360.00     3360.00
01351            3280.00     3360.00
01352            3200.00     3440.00
01353              80.00        0.00
01354              80.00        0.00
01355              80.00     3360.00
01356            3280.00     3360.00
01357            3360.00     3360.00
01358            3360.00       80.00
01359              80.00        0.00
01360              80.00       80.00
01361              80.00     3360.00
01362            3280.00     3360.00
01363            3280.00     3440.00
01364              80.00       80.00
01365              80.00       80.00
01366              80.00       80.00
01367            3280.00     3440.00
01368            3360.00     3440.00
01369            3280.00     3360.00
01370               0.00        0.00
01371              80.00       80.00
01372             160.00     2160.00
01373            3280.00     3280.00
01374            3280.00     3360.00
01375            3360.00      -80.00
01376              80.00        0.00
01377              80.00       80.00
01378              80.00     3360.00
01379            3360.00     3360.00
01380            3360.00     3440.00
01381            3360.00       80.00
01382              80.00        0.00
01383              80.00       80.00
01384            3280.00     3360.00
01385            3280.00     3360.00
01386            3360.00     3440.00
01387              80.00       80.00
01388              80.00       80.00
01389              80.00       80.00
01390            3360.00     3440.00
01391            3280.00     3360.00
01392            3200.00     2800.00
01393              80.00       80.00
01394               0.00       80.00
01395               0.00     3360.00
01396            3360.00     3360.00
01397            3280.00     3440.00
01398            3360.00     3440.00
01399            3360.00     3360.00
01400            3280.00     3360.00
01401            3280.00     3360.00
01402            3280.00     3360.00
01403            3280.00     3360.00
01404              80.00       80.00
01405              80.00        0.00
01406             -80.00     -480.00
01407            3280.00     3360.00
01408            3280.00     3360.00
01409            3360.00       80.00
01410              80.00        0.00
01411              80.00       80.00
01412              80.00     3440.00
01413            3360.00     3440.00
01414            3360.00     3360.00
01415            3360.00      -80.00
01416              80.00        0.00
01417              80.00       80.00
01418            2640.00     3440.00
01419            3360.00     3360.00
01420            3280.00     3360.00
01421              80.00       80.00
01422              80.00        0.00
01423               0.00      -80.00
01424            3280.00     3360.00
01425            3360.00     3360.00
01426            3600.00     3440.00
01427              80.00       80.00
01428              80.00       80.00
01429              80.00     3360.00
01430            3280.00     3360.00
01431            3280.00     3440.00
01432            3280.00     3360.00
01433            3280.00     3360.00
01434            3280.00     3360.00
01435            3280.00     3360.00
01436            3360.00     3360.00
01437            3360.00      -80.00
01438              80.00       80.00
01439              80.00       80.00
01440            2800.00     3440.00
01441            3280.00     3360.00
01442            3280.00     3440.00
01443              80.00       80.00
01444              80.00       80.00
01445               0.00      -80.00
01446            3360.00     3360.00
01447            3360.00     3360.00
01448            3600.00     3520.00
01449               0.00       80.00
01450              80.00       80.00
01451              80.00     3360.00
01452            3280.00     3360.00
01453            3280.00     3360.00
01454            3360.00        0.00
01455              80.00       80.00
01456              80.00        0.00
01457              80.00     3360.00
01458            3280.00     3440.00
01459            3280.00     3360.00
01460             960.00      -80.00
01461              80.00        0.00
01462               0.00        0.00
01463            3280.00     3360.00
01464            3280.00     3440.00
01465            3440.00     3520.00
01466              80.00       80.00
01467              80.00       80.00
01468              80.00     -400.00
01469            3280.00     3360.00
01470            3360.00     3360.00
01471            3280.00       80.00
01472              80.00        0.00
01473              80.00       80.00
01474              80.00     3360.00
01475            3280.00     3360.00
01476            3360.00     3360.00
01477            3280.00      -80.00
01478              80.00       80.00
01479              80.00       80.00
01480            3120.00     3360.00
01481            3280.00     3360.00
01482            3280.00     3440.00
01483              80.00       80.00
01484              80.00       80.00
01485               0.00        0.00
01486            3360.00     3360.00
01487            3280.00     3440.00
01488            3280.00     3360.00
01489            3360.00     3360.00
01490            3360.00     3440.00
01491            3280.00     3360.00
01492            3280.00     3360.00
01493            3280.00     3360.00
01494            3760.00      240.00
01495              80.00       80.00
01496             160.00       80.00
01497            3280.00     3440.00
01498            3280.00     3360.00
01499            3280.00     3360.00
01500              80.00       80.00
01501              80.00       80.00
01502              80.00        0.00
01503            3280.00     3360.00
01504            3280.00     3360.00
01505            3360.00       80.00
01506              80.00       80.00
01507              80.00       80.00
01508              80.00     3360.00
01509            3360.00     3360.00
01510            3360.00     3360.00
01511            3440.00       80.00
01512              80.00        0.00
01513              80.00       80.00
01514            -320.00     3360.00
01515            3360.00     3360.00
01516            3280.00     3360.00
01517               0.00        0.00
01518              80.00       80.00
01519              80.00        0.00
01520            3280.00     3360.00
01521            3280.00     3360.00
01522            3280.00     3360.00
01523            3280.00     3360.00
01524            3280.00     3360.00
01525            3280.00     3280.00
01526            3280.00     3360.00
01527            3360.00       80.00
01528              80.00       80.00
01529              80.00       80.00
01530              80.00     3360.00
01531            3280.00     3360.00
01532            3280.00     3360.00
01533            3360.00       80.00
01534              80.00       80.00
01535              80.00       80.00
01536              80.00     3440.00
01537            3360.00     3440.00
01538            3280.00     3360.00
01539              80.00        0.00
01540              80.00       80.00
01541               0.00      -80.00
01542            3280.00     3360.00
01543            3360.00     3440.00
01544            3200.00     3520.00
01545              80.00       80.00
01546              80.00       80.00
01547              80.00     3360.00
01548            3280.00     3360.00
01549            3360.00     3360.00
01550            3360.00       80.00
01551              80.00       80.00
01552              80.00       80.00
01553              80.00     3440.00
01554            3360.00     3360.00
01555            3280.00     3360.00
01556            3760.00       80.00
01557              80.00        0.00
01558              80.00       80.00
01559            3280.00     3360.00
01560            3280.00     3360.00
01561            3280.00     3360.00
01562              80.00       80.00
01563              80.00       80.00
01564            -240.00      -80.00
01565            3360.00     3360.00
01566            3280.00     3360.00
01567            3280.00       80.00
01568              80.00       80.00
01569              80.00        0.00
01570              80.00     3360.00
01571            3360.00     3360.00
01572            3360.00     3360.00
01573            3360.00        0.00
01574              80.00       80.00
01575              80.00       80.00
01576             640.00     3520.00
01577            3280.00     3440.00
01578            3280.00     3360.00
01579            3360.00     3360.00
01580            3280.00     3440.00
01581            3280.00     3360.00
01582            3280.00     3360.00
01583            3280.00     3360.00
01584            3280.00      -80.00
01585              80.00       80.00
01586              80.00       80.00
01587             -80.00     3280.00
01588            3280.00     3360.00
01589            3360.00     3360.00
01590            3360.00       80.00
01591              80.00       80.00
01592              80.00        0.00
01593            3280.00     3360.00
01594            3280.00     3360.00
01595            3280.00     3360.00
01596              80.00       80.00
01597              80.00       80.00
01598              80.00        0.00
01599            3280.00     3360.00
01600            3360.00     3440.00
01601            3280.00        0.00
01602               0.00       80.00
01603              80.00       80.00
01604              80.00     3360.00
01605            3360.00     3360.00
01606            3280.00     3360.00
01607            3360.00       80.00
01608              80.00       80.00
01609               0.00      -80.00
01610            3280.00     3360.00
01611            3280.00     3360.00
01612            3280.00     3360.00
01613            3280.00     3360.00
01614            3280.00     3360.00
01615            3360.00     3360.00
01616            3280.00     3360.00
01617            3280.00     3360.00
01618              80.00        0.00
01619              80.00       80.00
01620             160.00        0.00
01621            3280.00     3360.00
01622            3360.00     3360.00
01623            3280.00       80.00
01624               0.00        0.00
01625              80.00       80.00
01626              80.00     3360.00
01627            3360.00     3360.00
01628            3280.00     3440.00
01629            3360.00       80.00
01630              80.00       80.00
01631              80.00      -80.00
01632            -240.00     3120.00
01633            3280.00     3360.00
01634            3360.00     3440.00
01635              80.00       80.00
01636              80.00      -80.00
01637             160.00       80.00
01638            3280.00     3360.00
01639            3280.00     3360.00
01640            3280.00     3360.00
01641              80.00       80.00
01642               0.00       80.00
01643              80.00     3360.00
01644            3280.00     3360.00
01645            3360.00     3440.00
01646            3360.00       80.00
01647              80.00       80.00
01648              80.00       80.00
01649               0.00     3280.00
01650            3280.00     3360.00
01651            3280.00     3360.00
01652            3360.00      240.00
01653              80.00        0.00
01654              80.00        0.00
01655            3280.00     3360.00
01656            3360.00     3360.00
01657            3280.00     3360.00
01658              80.00       80.00
01659              80.00       80.00
01660             240.00      -80.00
01661            3280.00     3360.00
01662            3280.00     3360.00
01663            3360.00       80.00
01664              80.00       80.00
01665               0.00       80.00
01666              80.00     3360.00
01667            3280.00     3360.00
01668            3280.00     3280.00
01669            3280.00     3360.00
01670            3360.00     3360.00
01671            3360.00     3280.00
01672            3280.00     3360.00
01673            3280.00     3360.00
01674            3360.00     3440.00
01675              80.00       80.00
01676              80.00       80.00
01677              80.00     3360.00
01678            3280.00     3360.00
01679            3360.00     3360.00
01680            3360.00       80.00
01681              80.00      -80.00
01682              80.00       80.00
01683              80.00     3360.00
01684            3280.00     3440.00
01685            3280.00     3360.00
01686            3360.00      -80.00
01687              80.00       80.00
01688              80.00      -80.00
01689            3280.00     3360.00
01690            3280.00     3360.00
01691            3360.00     3440.00
01692              80.00       80.00
01693              80.00       80.00
01694              80.00      -80.00
01695            3280.00     3360.00
01696            3360.00     3360.00
01697            3360.00       80.00
01698              80.00       80.00
01699              80.00        0.00
01700            3280.00     3360.00
01701            3280.00     3360.00
01702            3280.00     3360.00
01703            3280.00     3360.00
01704            3360.00     3360.00
01705              80.00     3360.00
01706            3280.00     3360.00
01707            3280.00     3440.00
01708            3440.00      -80.00
01709              80.00        0.00
01710              80.00      -80.00
01711            3280.00     3360.00
01712            3360.00     3360.00
01713            3360.00     3360.00
01714              80.00       80.00
01715              80.00       80.00
01716               0.00      -80.00
01717            3280.00     3360.00
01718            3360.00     3360.00
01719            3280.00       80.00
01720              80.00        0.00
01721              80.00        0.00
01722              80.00     3360.00
01723            3280.00     3360.00
01724            3360.00     3360.00
01725            3280.00       80.00
01726              80.00       80.00
01727              80.00        0.00
01728               0.00     3440.00
01729            3280.00     3360.00
01730            3360.00     3360.00
01731              80.00       80.00
01732              80.00       80.00
01733              80.00       80.00
01734            3360.00     3360.00
01735            3280.00     3360.00
01736            3280.00     3440.00
01737              80.00       80.00
01738              80.00       80.00
01739              80.00     3360.00
01740            3280.00     3360.00
01741            3360.00     3360.00
01742            3360.00       80.00
01743               0.00       80.00
01744              80.00        0.00
01745              80.00     3440.00
01746            3280.00     3360.00
01747            3280.00     3360.00
01748            3440.00     -160.00
01749              80.00        0.00
01750              80.00      -80.00
01751            3280.00     3360.00
01752            3360.00     3360.00
01753            3360.00     3440.00
01754              80.00       80.00
01755              80.00        0.00
01756              80.00      -80.00
01757            3280.00     3360.00
01758            3280.00     3360.00
01759            3280.00     3360.00
01760            3280.00     3360.00
01761            3280.00     3360.00
01762            3360.00     3280.00
01763            3280.00     3360.00
01764            3280.00     3360.00
01765            3920.00      160.00
01766              80.00       80.00
01767              80.00       80.00
01768            3280.00     3360.00
01769            3360.00     3360.00
01770            3280.00     3360.00
01771              80.00        0.00
01772              80.00       80.00
01773             -80.00      -80.00
01774            3280.00     3360.00
01775            3360.00     3360.00
01776            3360.00       80.00
01777              80.00       80.00
01778              80.00       80.00
01779              80.00     3360.00
01780            3280.00     3360.00
01781            3280.00     3440.00
01782            3360.00       80.00
01783              80.00        0.00
01784              80.00        0.00
01785              80.00     3440.00
01786            3280.00     3360.00
01787            3280.00     3360.00
01788               0.00       80.00
01789              80.00       80.00
01790            3360.00     3360.00
01791            3280.00     3360.00
01792            3280.00     3360.00
01793            3280.00     3360.00
01794            3280.00     3360.00
01795              80.00      -80.00
01796            3360.00     3360.00
01797            3280.00     3360.00
01798            3360.00       80.00
01799              80.00       80.00
01800              80.00       80.00
01801               0.00     3280.00
01802            3280.00     3360.00
01803            3280.00     3360.00
01804            3360.00       80.00
01805              80.00       80.00
01806              80.00        0.00
01807             240.00     3440.00
01808            3360.00     3360.00
01809            3280.00     3280.00
01810              80.00        0.00
01811              80.00       80.00
01812              80.00      -80.00
01813            3280.00     3360.00
01814            3280.00     3360.00
01815            3280.00     3440.00
01816              80.00       80.00
01817               0.00       80.00
01818              80.00     3360.00
01819            3280.00     3360.00
01820            3280.00     3360.00
01821            3360.00       80.00
01822              80.00        0.00
01823              80.00        0.00
01824              80.00     3440.00
01825            3360.00     3360.00
01826            3280.00     3440.00
01827            3600.00      -80.00
01828              80.00        0.00
01829              80.00       80.00
01830            3280.00     3360.00
01831            3360.00     3360.00
01832            3360.00     3440.00
01833              80.00       80.00
01834              80.00       80.00
01835            -240.00      -80.00
01836            3280.00     3360.00
01837            3280.00     3440.00
01838            3360.00       80.00
01839              80.00       80.00
01840              80.00       80.00
01841              80.00     3360.00
01842            3280.00     3360.00
01843            3280.00     3360.00
01844            3280.00      -80.00
01845              80.00       80.00
01846              80.00        0.00
01847            3360.00     3360.00
01848            3280.00     3360.00
01849            3280.00     3360.00
01850            3280.00     3360.00
01851            3280.00     3360.00
01852            3280.00     3360.00
01853            3280.00     3280.00
01854            3360.00     3360.00
01855            3360.00       80.00
01856              80.00       80.00
01857              80.00        0.00
01858               0.00     3280.00
01859            3360.00     3440.00
01860            3360.00     3440.00
01861            3280.00        0.00
01862              80.00      -80.00
01863              80.00        0.00
01864            3280.00     3360.00
01865            3280.00     3360.00
01866            3360.00     3440.00
01867              80.00       80.00
01868              80.00      -80.00
01869              80.00       80.00
01870            3360.00     3360.00
01871            3280.00     3360.00
01872            3120.00     3120.00
01873               0.00       80.00
01874              80.00       80.00
01875              80.00     3360.00
01876            3360.00     3440.00
01877            3360.00     3360.00
01878            3360.00       80.00
01879              80.00       80.00
01880            3360.00     3360.00
01881            3280.00     3360.00
01882            3360.00     3360.00
01883            3360.00     3360.00
01884            3360.00     3360.00
01885              80.00        0.00
01886            3280.00     3360.00
01887            3360.00     3360.00
01888            3360.00     3440.00
01889              80.00        0.00
01890              80.00        0.00
01891              80.00       80.00
01892            3280.00     3360.00
01893            3280.00     3360.00
01894            3200.00     2880.00
01895              80.00       80.00
01896              80.00        0.00
01897              80.00     3360.00
01898            3360.00     3360.00
01899            3360.00     3360.00
01900            3360.00       80.00
01901              80.00       80.00
01902              80.00        0.00
01903               0.00     3360.00
01904            3360.00     3360.00
01905            3280.00     3360.00
01906              80.00       80.00
01907              80.00       80.00
01908              80.00        0.00
01909            3360.00     3360.00
01910            3280.00     3360.00
01911            3280.00     3280.00
01912              80.00       80.00
01913               0.00       80.00
01914              80.00     2400.00
01915            3280.00     3360.00
01916            3280.00     3440.00
01917            3360.00       80.00
01918              80.00       80.00
01919              80.00       80.00
01920              80.00     3360.00
01921            3280.00     3360.00
01922            3360.00     3360.00
01923            3440.00       80.00
01924              80.00       80.00
01925              80.00        0.00
01926            3280.00     3360.00
01927            3280.00     3360.00
01928            3360.00     3360.00
01929              80.00        0.00
01930              80.00        0.00
01931             160.00        0.00
01932            3280.00     3360.00
01933            3360.00     3360.00
01934            3200.00     2000.00
01935               0.00        0.00
01936              80.00       80.00
01937            3280.00     3360.00
01938            3360.00     3360.00
01939            3280.00     3360.00
01940            3280.00     3360.00
01941            3280.00     3360.00
01942            3280.00     3360.00
01943            3280.00     3360.00
01944            3360.00     3360.00
01945            3280.00     3440.00
01946              80.00       80.00
01947              80.00       80.00
01948              80.00      -80.00
01949            3280.00     3360.00
01950            3360.00     3360.00
01951            3360.00       80.00
01952               0.00       80.00
01953              80.00       80.00
01954              80.00     3360.00
01955            3280.00     3360.00
01956            3360.00     3360.00
01957            3280.00      -80.00
01958              80.00       80.00
01959              80.00        0.00
01960               0.00     3440.00
01961            3280.00     3360.00
01962            3280.00     3440.00
01963              80.00       80.00
01964              80.00       80.00
01965              80.00        0.00
01966            3280.00     3280.00
01967            3360.00     3360.00
01968            3280.00     3440.00
01969              80.00       80.00
01970            3280.00     3360.00
01971            3280.00     3360.00
01972            3280.00     3280.00
01973            3280.00     3360.00
01974            3280.00     3440.00
01975              80.00        0.00
01976              80.00     3360.00
01977            3360.00     3360.00
01978            3360.00     3360.00
01979            3280.00      -80.00
01980              80.00       80.00
01981               0.00      -80.00
01982               0.00     3440.00
01983            3360.00     3360.00
01984            3360.00     3440.00
01985              80.00       80.00
01986              80.00       80.00
01987              80.00        0.00
01988            3280.00     3360.00
01989            3360.00     3440.00
01990            3280.00     3440.00
01991              80.00       80.00
01992               0.00        0.00
01993              80.00     3360.00
01994            3280.00     3360.00
01995            3360.00     3360.00
01996            3280.00       80.00
01997              80.00        0.00
01998              80.00       80.00
01999               0.00     3360.00
02000            3360.00     3360.00
02001            3280.00     3360.00
02002            3360.00     -160.00
02003              80.00       80.00
02004               0.00      -80.00
02005            3280.00     3360.00
02006            3280.00     3360.00
02007            3280.00     3440.00
02008             160.00        0.00
02009              80.00      -80.00
02010              80.00        0.00
02011            3280.00     3360.00
02012            3280.00     3360.00
02013            3360.00       80.00
02014              80.00       80.00
02015             160.00        0.00
02016              80.00     3440.00
02017            3360.00     3360.00
02018            3360.00     3440.00
02019            3280.00        0.00
02020              80.00        0.00
02021               0.00       80.00
02022               0.00     3360.00
02023            3280.00     3360.00
02024            3280.00     3440.00
02025              80.00       80.00
02026              80.00       80.00
02027            3360.00     3360.00
02028            3280.00     3360.00
02029            3280.00     3360.00
02030            3280.00     3360.00
02031            3280.00     3360.00
02032            3280.00     3360.00
02033               0.00     3360.00
02034            3360.00     3360.00
02035            3360.00     3360.00
02036            3440.00      160.00
02037              80.00       80.00
02038              80.00       80.00
02039             -80.00     3440.00
02040            3280.00     3360.00
02041            3280.00     3360.00
02042              80.00       80.00
02043              80.00       80.00
02044              80.00      -80.00
02045            3280.00     3360.00
02046            3360.00     3440.00
02047            3200.00     3440.00
02048             160.00        0.00
02049              80.00        0.00
02050              80.00     3360.00
02051            3360.00     3360.00
02052            3280.00     3440.00
02053            3280.00       80.00
02054              80.00       80.00
02055              80.00       80.00
02056               0.00     3360.00
02057            3360.00     3360.00
02058            3360.00     3440.00
02059            3840.00      160.00
02060            3280.00     3360.00
02061            3280.00     3360.00
02062            3280.00     3360.00
02063            3280.00     3360.00
02064            3280.00     3360.00
02065              80.00        0.00
02066              80.00       80.00
02067              80.00     3360.00
02068            3280.00     3360.00
02069            3360.00     3440.00
02070              80.00        0.00
02071               0.00       80.00
02072               0.00      -80.00
02073            3360.00     3360.00
02074            3280.00     3440.00
02075            3360.00     3440.00
02076              80.00       80.00
02077              80.00       80.00
02078              80.00     3360.00
02079            3360.00     3360.00
02080            3280.00     3360.00
02081            3360.00       80.00
02082              80.00       80.00
02083              80.00      -80.00
02084              80.00     3360.00
02085            3360.00     3360.00
02086            3280.00     3360.00
02087            3360.00       80.00
02088              80.00       80.00
02089              80.00        0.00
02090            3360.00     3360.00
02091            3280.00     3440.00
02092            3280.00     3360.00
02093              80.00       80.00
02094              80.00       80.00
02095              80.00      -80.00
02096            3280.00     3360.00
02097            3280.00     3360.00
02098            3360.00       80.00
02099              80.00        0.00
02100              80.00       80.00
02101               0.00     3360.00
02102            3360.00     3360.00
02103            3280.00     3360.00
02104            3280.00       80.00
02105              80.00       80.00
02106              80.00       80.00
02107              80.00     3360.00
02108            3280.00     3360.00
02109            3360.00     3360.00
02110              80.00       80.00
02111              80.00        0.00
02112              80.00        0.00
02113            3280.00     3360.00
02114            3360.00     3360.00
02115            3360.00     3440.00
02116              80.00        0.00
02117            3280.00     3360.00
02118            3280.00     3360.00
02119            3280.00     3360.00
02120            3360.00     3360.00
02121            3280.00     3360.00
02122            3280.00     3360.00
02123               0.00        0.00
02124             -80.00     3120.00
02125            3280.00     3360.00
02126            3440.00     3440.00
02127              80.00        0.00
02128              80.00       80.00
02129              80.00       80.00
02130            3280.00     3360.00
02131            3280.00     3360.00
02132            3440.00     3440.00
02133              80.00       80.00
02134              80.00        0.00
02135              80.00     3360.00
02136            3360.00     3360.00
02137            3360.00     3360.00
02138            3280.00        0.00
02139               0.00       80.00
02140              80.00       80.00
02141             -80.00     3280.00
02142            3280.00     3440.00
02143            3360.00     3360.00
02144            3280.00      240.00
02145              80.00       80.00
02146              80.00       80.00
02147            3280.00     3360.00
02148            3280.00     3440.00
02149            3280.00     3360.00
02150            3280.00     3360.00
02151            3280.00     3360.00
02152            3280.00     3360.00
02153            3280.00     3280.00
02154            3280.00     3360.00
02155              80.00       80.00
02156              80.00        0.00
02157              80.00     3360.00
02158            3280.00     3440.00
02159            3360.00     3360.00
02160            3280.00       80.00
02161              80.00       80.00
02162              80.00       80.00
02163             -80.00     3280.00
02164            3280.00     3440.00
02165            3360.00     3440.00
02166            3360.00      240.00
02167              80.00       80.00
02168              80.00       80.00
02169            3360.00     3360.00
02170            3280.00     3360.00
02171            3280.00     3360.00
02172              80.00       80.00
02173              80.00        0.00
02174             240.00      -80.00
02175            3360.00     3440.00
02176            3360.00     3360.00
02177            3280.00        0.00
02178              80.00       80.00
02179              80.00       80.00
02180              80.00     3360.00
02181            3280.00     3360.00
02182            3280.00     3440.00
02183            3440.00      160.00
02184              80.00       80.00
02185              80.00        0.00
02186            -320.00     3120.00
02187            3360.00     3360.00
02188            3360.00     3440.00
02189              80.00       80.00
02190              80.00        0.00
02191              80.00       80.00
02192            3360.00     3360.00
02193            3360.00     3360.00
02194            3280.00     3360.00
02195              80.00       80.00
02196              80.00       80.00
02197              80.00     3440.00
02198            3280.00     3440.00
02199            3280.00     3440.00
02200            3280.00       80.00
02201               0.00       80.00
02202              80.00        0.00
02203               0.00     3360.00
02204            3280.00     3360.00
02205            3280.00     3360.00
02206            3520.00      320.00
02207            3280.00     3360.00
02208            3280.00     3360.00
02209            3280.00     3360.00
02210            3280.00     3360.00
02211            3280.00     3360.00
02212            3280.00     3360.00
02213              80.00       80.00
02214              80.00     3360.00
02215            3280.00     3360.00
02216            3280.00     3360.00
02217            3360.00       80.00
02218              80.00       80.00
02219              80.00        0.00
02220              80.00     3440.00
02221            3360.00     3360.00
02222            3360.00     3360.00
02223            1120.00      -80.00
02224              80.00       80.00
02225              80.00        0.00
02226            3360.00     3360.00
02227            3360.00     3360.00
02228            3440.00     3520.00
02229              80.00       80.00
02230              80.00        0.00
02231              80.00     -400.00
02232            3280.00     3360.00
02233            3360.00     3360.00
02234            3280.00       80.00
02235              80.00       80.00
02236              80.00       80.00
02237              80.00     3360.00
02238            3280.00     3360.00
02239            3360.00     3440.00
02240            3280.00     3360.00
02241            3280.00     3360.00
02242            3280.00     3360.00
02243            3280.00     3440.00
02244            3280.00     3360.00
02245            1280.00     -160.00
02246              80.00       80.00
02247               0.00      -80.00
02248            3360.00     3360.00
02249            3280.00     3360.00
02250            3440.00     3440.00
02251              80.00       80.00
02252              80.00       80.00
02253              80.00     -400.00
02254            3360.00     3360.00
02255            3280.00     3360.00
02256            3280.00        0.00
02257              80.00       80.00
02258              80.00        0.00
02259               0.00     3360.00
02260            3280.00     3360.00
02261            3280.00     3360.00
02262            3360.00        0.00
02263              80.00       80.00
02264              80.00       80.00
02265            3200.00     3360.00
02266            3280.00     3360.00
02267            3360.00     3360.00
02268              80.00       80.00
02269              80.00        0.00
02270              80.00        0.00
02271            3200.00     3440.00
02272            3360.00     3360.00
02273            3440.00     3840.00
02274              80.00       80.00
02275              80.00       80.00
02276              80.00     3440.00
02277            3280.00     3360.00
02278            3280.00     3360.00
02279            3280.00        0.00
02280              80.00        0.00
02281              80.00       80.00
02282               0.00     3360.00
02283            3280.00     3360.00
02284            3360.00     3360.00
02285             400.00      -80.00
02286              80.00       80.00
02287              80.00       80.00
02288            3280.00     3360.00
02289            3280.00     3360.00
02290            3440.00     3440.00
02291              80.00       80.00
02292              80.00      -80.00
02293             160.00        0.00
02294            3280.00     3440.00
02295            3280.00     3360.00
02296            3360.00       80.00
02297            3280.00     3440.00
02298            3280.00     3360.00
02299            3360.00     3360.00
02300            3280.00     3360.00
02301            3360.00     3360.00
02302            3280.00     3360.00
02303              80.00        0.00
02304               0.00        0.00
02305            3280.00     3360.00
02306            3360.00     3360.00
02307            3280.00     3360.00
02308              80.00       80.00
02309              80.00       80.00
02310              80.00     3360.00
02311            3280.00     3360.00
02312            3360.00     3360.00
02313            3360.00       80.00
02314              80.00       80.00
02315              80.00       80.00
02316              80.00     3440.00
02317            3360.00     3360.00
02318            3280.00     3360.00
02319            3440.00       80.00
02320              80.00        0.00
02321               0.00      -80.00
02322            3280.00     3360.00
02323            3280.00     3360.00
02324            3280.00     3360.00
02325              80.00       80.00
02326              80.00       80.00
02327               0.00        0.00
02328            3280.00     3360.00
02329            3280.00     3360.00
02330            3280.00     3360.00
02331            3280.00     3280.00
02332            3280.00     3360.00
02333            3280.00     3360.00
02334            3360.00     3360.00
02335            3360.00       80.00
02336              80.00       80.00
02337              80.00       80.00
02338               0.00     3440.00
02339            3280.00     3360.00
02340            3280.00     3360.00
02341            3360.00      160.00
02342              80.00       80.00
02343              80.00       80.00
02344            3360.00     3360.00
02345            3280.00     3360.00
02346            3360.00     3440.00
02347              80.00       80.00
02348              80.00       80.00
02349              80.00      -80.00
02350            3360.00     3360.00
02351            3360.00     3360.00
02352            3280.00      160.00
02353              80.00       80.00
02354              80.00        0.00
02355              80.00     3360.00
02356            3280.00     3440.00
02357            3360.00     3360.00
02358            3280.00       80.00
02359              80.00       80.00
02360              80.00        0.00
02361              80.00     3360.00
02362            3280.00     3360.00
02363            3280.00     3280.00
02364              80.00       80.00
02365              80.00        0.00
02366               0.00        0.00
02367            3280.00     3360.00
02368            3280.00     3360.00
02369            3360.00     3440.00
02370              80.00       80.00
02371              80.00       80.00
02372               0.00     3360.00
02373            3360.00     3360.00
02374            3360.00     3360.00
02375            3280.00       80.00
02376              80.00       80.00
02377              80.00       80.00
02378              80.00     3440.00
02379            3280.00     3360.00
02380            3280.00     3360.00
02381            3360.00      160.00
02382              80.00        0.00
02383              80.00        0.00
02384            3360.00     3360.00
02385            3360.00     3360.00
02386            3280.00     3440.00
02387            3280.00     3440.00
02388            3280.00     3360.00
02389            3360.00     3360.00
02390            3280.00     3280.00
02391            3280.00     3360.00
02392            3280.00     3360.00
02393              80.00        0.00
02394              80.00       80.00
02395               0.00     3360.00
02396            3280.00     3360.00
02397            3360.00     3360.00
02398              80.00       80.00
02399              80.00       80.00
02400              80.00       80.00
02401            3280.00     3360.00
02402            3360.00     3360.00
02403            3280.00     3280.00
02404              80.00       80.00
02405              80.00       80.00
02406             240.00     1840.00
02407            3280.00     3360.00
02408            3280.00     3440.00
02409            3280.00       80.00
02410              80.00       80.00
02411              80.00        0.00
02412              80.00     3360.00
02413            3280.00     3360.00
02414            3280.00     3440.00
02415            3360.00        0.00
02416              80.00       80.00
02417              80.00        0.00
02418            3280.00     3360.00
02419            3280.00     3360.00
02420            3280.00     3360.00
02421            3280.00     3360.00
02422            3280.00     3280.00
02423            3280.00     3360.00
02424            3360.00     3440.00
02425            3280.00     3360.00
02426              80.00       80.00
02427              80.00       80.00
02428             240.00     2320.00
02429            3280.00     3360.00
02430            3280.00     3360.00
02431            3360.00        0.00
02432              80.00       80.00
02433              80.00        0.00
02434               0.00     3280.00
02435            3360.00     3360.00
02436            3360.00     3360.00
02437            3440.00       80.00
02438              80.00        0.00
02439              80.00       80.00
02440            3280.00     3440.00
02441            3280.00     3440.00
02442            3280.00     3440.00
02443              80.00       80.00
02444              80.00        0.00
02445              80.00       80.00
02446            3280.00     3360.00
02447            3280.00     3440.00
02448            3120.00     2240.00
02449              80.00       80.00
02450              80.00        0.00
02451              80.00     3360.00
02452            3360.00     3360.00
02453            3360.00     3440.00
02454            3360.00       80.00
02455              80.00        0.00
02456              80.00       80.00
02457              80.00     3360.00
02458            3360.00     3360.00
02459            3360.00     3360.00
02460              80.00       80.00
02461              80.00       80.00
02462              80.00        0.00
02463            3280.00     3360.00
02464            3280.00     3360.00
02465            3280.00     3360.00
02466              80.00       80.00
02467              80.00       80.00
02468              80.00     2880.00
02469            3280.00     3360.00
02470            3360.00     3360.00
02471            3360.00        0.00
02472              80.00      -80.00
02473              80.00        0.00
02474              80.00     3360.00
02475            3360.00     3360.00
02476            3360.00     3360.00
02477            3280.00     3360.00
02478            3280.00     3360.00
02479            3280.00     3280.00
02480            3360.00     3280.00
02481            3280.00     3360.00
02482            3360.00     3360.00
02483              80.00       80.00
02484              80.00       80.00
02485              80.00     3360.00
02486            3280.00     3360.00
02487            3360.00     3360.00
02488            3280.00       80.00
02489               0.00        0.00
02490              80.00       80.00
02491              80.00     3440.00
02492            3360.00     3360.00
02493            3280.00     3360.00
02494            1040.00      -80.00
02495              80.00       80.00
02496              80.00        0.00
02497            3280.00     3360.00
02498            3280.00     3360.00
02499            3440.00     3600.00
02500              80.00       80.00
02501              80.00        0.00
02502              80.00     -400.00
02503            3280.00     3360.00
02504            3280.00     3360.00
02505            3280.00        0.00
02506              80.00       80.00
02507              80.00       80.00
02508              80.00     3360.00
02509            3280.00     3360.00
02510            3280.00     3360.00
02511            3280.00     3440.00
02512            3280.00     3360.00
02513            3360.00     3360.00
02514            3360.00     3360.00
02515            3360.00     3440.00
02516             720.00      -80.00
02517              80.00       80.00
02518              80.00        0.00
02519            3280.00     3440.00
02520            3280.00     3360.00
02521            3440.00     3520.00
02522              80.00       80.00
02523              80.00       80.00
02524              80.00     -160.00
02525            3360.00     3360.00
02526            3280.00     3360.00
02527            3280.00        0.00
02528               0.00       80.00
02529              80.00        0.00
02530              80.00     3360.00
02531            3280.00     3360.00
02532            3280.00     3360.00
02533            3280.00      -80.00
02534              80.00       80.00
02535              80.00       80.00
02536            3200.00     3360.00
02537            3280.00     3360.00
02538            3280.00     3440.00
02539              80.00       80.00
02540              80.00        0.00
02541               0.00        0.00
02542            3360.00     3440.00
02543            3280.00     3360.00
02544            3440.00     3920.00
02545              80.00       80.00
02546              80.00       80.00
02547              80.00     3360.00
02548            3280.00     3360.00
02549            3280.00     3440.00
02550            3360.00       80.00
02551              80.00        0.00
02552              80.00       80.00
02553              80.00     3360.00
02554            3280.00     3360.00
02555            3280.00     3360.00
02556             240.00        0.00
02557              80.00        0.00
02558              80.00       80.00
02559            3360.00     3360.00
02560            3280.00     3440.00
02561            3440.00     3520.00
02562              80.00       80.00
02563              80.00        0.00
02564             160.00      400.00
02565            3280.00     3360.00
02566            3280.00     3360.00
02567            3280.00     3360.00
02568            3280.00     3360.00
02569            3280.00     3360.00
02570            3280.00     3360.00
02571            3280.00     3360.00
02572            3280.00     3360.00
02573              80.00        0.00
02574              80.00        0.00
02575               0.00        0.00
02576            3280.00     3360.00
02577            3360.00     3360.00
02578            3360.00     3280.00
02579              80.00        0.00
02580              80.00       80.00
02581              80.00     3280.00
02582            3280.00     3360.00
02583            3280.00     3440.00
02584            3360.00      160.00
02585              80.00       80.00
02586              80.00        0.00
02587              80.00     3440.00
02588            3280.00     3360.00
02589            3280.00     3440.00
02590            3440.00      160.00
02591              80.00        0.00
02592              80.00       80.00
02593            3280.00     3360.00
02594            3280.00     3360.00
02595            3280.00     3360.00
02596              80.00        0.00
02597              80.00       80.00
02598              80.00      -80.00
02599            3280.00     3440.00
02600            3280.00     3440.00
02601            3280.00     3280.00
02602            3360.00     3360.00
02603            3280.00     3360.00
02604            3280.00     3360.00
02605            3280.00     3440.00
02606            3280.00       80.00
02607              80.00       80.00
02608              80.00        0.00
02609              80.00     3440.00
02610            3360.00     3360.00
02611            3280.00     3360.00
02612            3360.00      160.00
02613              80.00        0.00
02614              80.00       80.00
02615            3280.00     3360.00
02616            3360.00     3440.00
02617            3280.00     3360.00
02618              80.00       80.00
02619              80.00       80.00
02620              80.00        0.00
02621            3280.00     3360.00
02622            3280.00     3360.00
02623            3280.00      160.00
02624              80.00       80.00
02625              80.00        0.00
02626              80.00     3360.00
02627            3280.00     3360.00
02628            3280.00     3440.00
02629            3360.00       80.00
02630              80.00        0.00
02631              80.00       80.00
02632              80.00     3440.00
02633            3280.00     3360.00
02634            3360.00     3360.00
02635              80.00       80.00
02636              80.00       80.00
02637              80.00        0.00
02638            3280.00     3360.00
02639            3280.00     3360.00
02640            3360.00     3360.00
02641              80.00        0.00
02642              80.00       80.00
02643              80.00     3440.00
02644            3280.00     3360.00
02645            3280.00     3360.00
02646            3360.00       80.00
02647              80.00       80.00
02648              80.00       80.00
02649              80.00     3440.00
02650            3280.00     3440.00
02651            3280.00     3360.00
02652            3280.00      160.00
02653               0.00        0.00
02654              80.00       80.00
02655            3280.00     3360.00
02656            3360.00     3440.00
02657            3280.00     3360.00
02658            3280.00     3360.00
02659            3360.00     3360.00
02660            3280.00     3360.00
02661            3280.00     3360.00
02662            3280.00     3360.00
02663            3360.00       80.00
02664              80.00       80.00
02665              80.00      -80.00
02666             -80.00     3360.00
02667            3280.00     3360.00
02668            3360.00     3360.00
02669               0.00       80.00
02670              80.00        0.00
02671              80.00        0.00
02672            3360.00     3360.00
02673            3360.00     3360.00
02674            3280.00     3360.00
02675              80.00       80.00
02676              80.00       80.00
02677             240.00     2320.00
02678            3280.00     3360.00
02679            3360.00     3440.00
02680            3280.00       80.00
02681              80.00        0.00
02682               0.00       80.00
02683               0.00     3360.00
02684            3360.00     3360.00
02685            3360.00     3440.00
02686            3360.00        0.00
02687              80.00       80.00
02688              80.00       80.00
02689            3280.00     3360.00
02690            3280.00     3360.00
02691            3360.00     3360.00
02692            3200.00     3360.00
02693            3280.00     3360.00
02694            3280.00     3360.00
02695            3280.00     3360.00
02696            3200.00     3360.00
02697              80.00        0.00
02698              80.00        0.00
02699             160.00     2720.00
02700            3360.00     3360.00
02701            3280.00     3360.00
02702            3360.00       80.00
02703              80.00       80.00
02704              80.00      -80.00
02705               0.00     3360.00
02706            3280.00     3360.00
02707            3360.00     3440.00
02708            3440.00        0.00
02709              80.00        0.00
02710              80.00       80.00
02711            3280.00     3360.00
02712            3360.00     3360.00
02713            3360.00     3360.00
02714              80.00       80.00
02715              80.00       80.00
02716              80.00       80.00
02717            3280.00     3440.00
02718            3360.00     3360.00
02719            3120.00     2240.00
02720              80.00       80.00
02721              80.00       80.00
02722               0.00     3360.00
02723            3280.00     3360.00
02724            3360.00     3440.00
02725            3280.00       80.00
02726              80.00       80.00
02727              80.00       80.00
02728               0.00     3360.00
02729            3280.00     3360.00
02730            3360.00     3440.00
02731              80.00       80.00
02732              80.00       80.00
02733              80.00        0.00
02734            3280.00     3440.00
02735            3360.00     3440.00
02736            3200.00     3280.00
02737              80.00       80.00
02738              80.00        0.00
02739              80.00     3040.00
02740            3360.00     3360.00
02741            3280.00     3280.00
02742            3360.00       80.00
02743              80.00       80.00
02744              80.00       80.00
02745              80.00     3360.00
02746            3280.00     3360.00
02747            3280.00     3360.00
02748            3360.00     3360.00
02749            3360.00     3360.00
02750            3280.00     3280.00
02751            3280.00     3360.00
02752            3360.00     3360.00
02753            3600.00     3520.00
02754              80.00        0.00
02755              80.00        0.00
02756              80.00     3360.00
02757            3280.00     3360.00
02758            3280.00     3360.00
02759            3360.00       80.00
02760              80.00       80.00
02761              80.00        0.00
02762             160.00     3360.00
02763            3280.00     3360.00
02764            3280.00     3360.00
02765             720.00      -80.00
02766              80.00       80.00
02767              80.00      -80.00
02768            3360.00     3360.00
02769            3360.00     3360.00
02770            3440.00     3520.00
02771              80.00       80.00
02772              80.00        0.00
02773              80.00     -400.00
02774            3280.00     3360.00
02775            3280.00     3360.00
02776            3360.00       80.00
02777              80.00       80.00
02778              80.00       80.00
02779            3280.00     3360.00
02780            3280.00     3360.00
02781            3280.00     3360.00
02782            3280.00     3360.00
02783            3280.00     3360.00
02784              80.00     3360.00
02785            3280.00     3360.00
02786            3280.00     3360.00
02787             480.00      -80.00
02788              80.00       80.00
02789              80.00      -80.00
02790            3280.00     3360.00
02791            3280.00     3360.00
02792            3520.00     3600.00
02793              80.00       80.00
02794               0.00       80.00
02795             160.00     -160.00
02796            3280.00     3360.00
02797            3280.00     3440.00
02798            3280.00       80.00
02799               0.00       80.00
02800               0.00       80.00
02801              80.00     3360.00
02802            3280.00     3360.00
02803            3280.00     3360.00
02804            3280.00      -80.00
02805              80.00       80.00
02806              80.00       80.00
02807            3200.00     3360.00
02808            3280.00     3360.00
02809            3360.00     3440.00
02810              80.00       80.00
02811               0.00        0.00
02812              80.00       80.00
02813            3360.00     3360.00
02814            3280.00     3440.00
02815            3440.00     3920.00
02816              80.00      160.00
02817              80.00       80.00
02818              80.00     3360.00
02819            3280.00     3360.00
02820            3360.00     3360.00
02821            3280.00       80.00
02822              80.00       80.00
02823               0.00       80.00
02824              80.00     3360.00
02825            3280.00     3360.00
02826            3280.00     3440.00
02827             240.00      -80.00
02828              80.00       80.00
02829               0.00      -80.00
02830            3280.00     3440.00
02831            3360.00     3440.00
02832            3440.00     3520.00
02833              80.00        0.00
02834              80.00       80.00
02835             160.00      480.00
02836            3280.00     3360.00
02837            3280.00     3360.00
02838            3280.00     3360.00
02839            3280.00     3360.00
02840            3280.00     3360.00
02841            3280.00     3360.00
02842            3280.00     3360.00
02843            3280.00     3360.00
02844              80.00       80.00
02845              80.00       80.00
02846              80.00      -80.00
02847            3280.00     3360.00
02848            3360.00     3360.00
02849            3200.00     3520.00
02850              80.00       80.00
02851              80.00        0.00
02852              80.00     3440.00
02853            3280.00     3360.00
02854            3280.00     3360.00
02855            3360.00       80.00
02856              80.00        0.00
02857              80.00        0.00
02858              80.00     3440.00
02859            3280.00     3360.00
02860            3360.00     3440.00
02861            3520.00        0.00
02862              80.00       80.00
02863              80.00       80.00
02864            3360.00     3360.00
02865            3360.00     3360.00
02866            3280.00     3360.00
02867              80.00       80.00
02868              80.00       80.00
02869            3280.00     3360.00
02870            3280.00     3360.00
02871            3280.00     3360.00
02872            3360.00     3360.00
02873            3280.00     3440.00
02874              80.00     3360.00
02875            3280.00     3360.00
02876            3360.00     3360.00
02877            3360.00        0.00
02878              80.00      -80.00
02879              80.00       80.00
02880              80.00     3440.00
02881            3360.00     3360.00
02882            3280.00     3360.00
02883            3440.00      -80.00
02884              80.00       80.00
02885              80.00        0.00
02886            3280.00     3360.00
02887            3280.00     3360.00
02888            3280.00     3360.00
02889               0.00        0.00
02890              80.00        0.00
02891            -240.00      -80.00
02892            3280.00     3360.00
02893            3280.00     3440.00
02894            3360.00       80.00
02895              80.00       80.00
02896              80.00       80.00
02897              80.00     3360.00
02898            3280.00     3440.00
02899            3280.00     3360.00
02900            3360.00       80.00
02901              80.00        0.00
02902              80.00       80.00
02903            1360.00     3520.00
02904            3360.00     3440.00
02905            3280.00     3360.00
02906              80.00       80.00
02907              80.00       80.00
02908               0.00      -80.00
02909            3360.00     3360.00
02910            3280.00     3440.00
02911            3440.00     3360.00
02912              80.00       80.00
02913              80.00        0.00
02914              80.00     3360.00
02915            3280.00     3440.00
02916            3280.00     3440.00
02917            3360.00        0.00
02918              80.00       80.00
02919               0.00      -80.00
02920              80.00     3440.00
02921            3360.00     3360.00
02922            3280.00     3360.00
02923            2720.00      -80.00
02924              80.00        0.00
02925              80.00       80.00
02926            3280.00     3360.00
02927            3280.00     3440.00
02928            3280.00     3360.00
02929            3280.00     3360.00
02930            3360.00     3360.00
02931            3280.00     3360.00
02932            3280.00     3360.00
02933            3360.00     3360.00
02934            3360.00       80.00
02935              80.00       80.00
02936              80.00        0.00
02937            -160.00     3120.00
02938            3280.00     3360.00
02939            3360.00     3440.00
02940              80.00       80.00
02941              80.00       80.00
02942              80.00       80.00
02943            3280.00     3360.00
02944            3280.00     3360.00
02945            3360.00     3360.00
02946              80.00       80.00
02947               0.00        0.00
02948              80.00     3360.00
02949            3280.00     3360.00
02950            3280.00     3440.00
02951            3360.00       80.00
02952              80.00       80.00
02953               0.00       80.00
02954             -80.00     3280.00
02955            3280.00     3360.00
02956            3360.00     3440.00
02957            3360.00      240.00
02958              80.00       80.00
02959            3360.00     3360.00
02960            3280.00     3360.00
02961            3280.00     3360.00
02962            3280.00     3360.00
02963            3360.00     3360.00
02964              80.00        0.00
02965             -80.00     3360.00
02966            3360.00     3360.00
02967            3360.00     3440.00
02968               0.00        0.00
02969              80.00      -80.00
02970             160.00        0.00
02971            3280.00     3360.00
02972            3360.00     3360.00
02973            3280.00     3360.00
02974              80.00       80.00
02975              80.00       80.00
02976             160.00     2720.00
02977            3280.00     3360.00
02978            3360.00     3360.00
02979            3280.00       80.00
02980              80.00       80.00
02981              80.00        0.00
02982              80.00     3360.00
02983            3280.00     3360.00
02984            3280.00     3440.00
02985            3360.00        0.00
02986              80.00       80.00
02987              80.00       80.00
02988            3360.00     3280.00
02989            3360.00     3360.00
02990            3280.00     3360.00
02991              80.00        0.00
02992              80.00        0.00
02993              80.00       80.00
02994            3280.00     3360.00
02995            3360.00     3360.00
02996            3200.00     1760.00
02997              80.00        0.00
02998              80.00        0.00
02999              80.00     3360.00
03000            3280.00     3440.00
03001            3360.00     3360.00
03002            3360.00       80.00
03003              80.00       80.00
03004              80.00       80.00
03005              80.00     3280.00
03006            3280.00     3360.00
03007            3360.00     3360.00
03008               0.00       80.00
03009              80.00       80.00
03010               0.00        0.00
03011            3280.00     3440.00
03012            3360.00     3440.00
03013            3200.00     3280.00
03014              80.00       80.00
03015              80.00       80.00
03016            3280.00     3360.00
03017            3280.00     3360.00
03018            3280.00     3280.00
03019            3360.00     3360.00
03020            3280.00     3360.00
03021            3280.00     3360.00
03022            3040.00     3440.00
03023            3280.00     3360.00
03024            3280.00     3360.00
03025              80.00       80.00
03026              80.00        0.00
03027               0.00      -80.00
03028            3360.00     3360.00
03029            3360.00     3440.00
03030            3600.00     3680.00
03031              80.00       80.00
03032              80.00      -80.00
03033               0.00     3360.00
03034            3280.00     3360.00
03035            3280.00     3440.00
03036            3280.00        0.00
03037              80.00        0.00
03038              80.00        0.00
03039              80.00     3360.00
03040            3280.00     3360.00
03041            3280.00     3360.00
03042             720.00      -80.00
03043              80.00       80.00
03044               0.00        0.00
03045            3280.00     3360.00
03046            3280.00     3440.00
03047            3440.00     3520.00
03048              80.00        0.00
03049            3280.00     3360.00
03050            3280.00     3440.00
03051            3280.00     3360.00
03052            3280.00     3360.00
03053            3280.00     3360.00
03054              80.00        0.00
03055               0.00     3360.00
03056            3280.00     3360.00
03057            3360.00     3360.00
03058            3360.00       80.00
03059              80.00       80.00
03060              80.00        0.00
03061              80.00     3360.00
03062            3360.00     3360.00
03063            3280.00     3360.00
03064             480.00      -80.00
03065               0.00       80.00
03066              80.00        0.00
03067            3280.00     3360.00
03068            3280.00     3360.00
03069            3440.00     3600.00
03070              80.00       80.00
03071              80.00       80.00
03072             160.00      160.00
03073            3360.00     3360.00
03074            3280.00     3440.00
03075            3280.00        0.00
03076               0.00       80.00
03077              80.00       80.00
03078              80.00     3360.00
03079            3280.00     3360.00
03080            3280.00     3360.00
03081            3280.00       80.00
03082              80.00       80.00
03083              80.00       80.00
03084            3280.00     3360.00
03085            3280.00     3360.00
03086            3360.00     3440.00
03087              80.00        0.00
03088               0.00        0.00
03089              80.00       80.00
03090            3280.00     3440.00
03091            3280.00     3440.00
03092            3360.00     4000.00
03093              80.00        0.00
03094              80.00       80.00
03095              80.00     3280.00
03096            3280.00     3360.00
03097            3280.00     3360.00
03098            3280.00       80.00
03099              80.00       80.00
03100              80.00      -80.00
03101               0.00     3360.00
03102            3360.00     3360.00
03103            3360.00     3440.00
03104             160.00       80.00
03105               0.00       80.00
03106            3280.00     3360.00
03107            3280.00     3360.00
03108            3280.00     3360.00
03109            3280.00     3360.00
03110            3360.00     3360.00
03111            3280.00     3360.00
03112               0.00     3360.00
03113            3280.00     3360.00
03114            3360.00     3360.00
03115            3360.00       80.00
03116              80.00       80.00
03117              80.00       80.00
03118             480.00     3440.00
03119            3360.00     3360.00
03120            3280.00     3360.00
03121              80.00       80.00
03122              80.00       80.00
03123               0.00      -80.00
03124            3280.00     3440.00
03125            3280.00     3360.00
03126            3280.00     3440.00
03127              80.00       80.00
03128              80.00       80.00
03129              80.00     3440.00
03130            3280.00     3360.00
03131            3360.00     3360.00
03132            3360.00       80.00
03133              80.00       80.00
03134              80.00        0.00
03135              80.00     3440.00
03136            3280.00     3360.00
03137            3360.00     3440.00
03138            3440.00      -80.00
03139            3280.00     3440.00
03140            3280.00     3360.00
03141            3280.00     3360.00
03142            3360.00     3360.00
03143            3280.00     3360.00
03144              80.00       80.00
03145               0.00      -80.00
03146            3360.00     3360.00
03147            3360.00     3360.00
03148            3360.00     3440.00
03149              80.00       80.00
03150              80.00        0.00
03151              80.00     3360.00
03152            3360.00     3360.00
03153            3280.00     3360.00
03154            3280.00       80.00
03155              80.00      -80.00
03156               0.00       80.00
03157              80.00     3440.00
03158            3360.00     3360.00
03159            3280.00     3280.00
03160            3120.00      -80.00
03161             160.00      -80.00
03162              80.00        0.00
03163            3280.00     3360.00
03164            3360.00     3440.00
03165            3280.00     3360.00
03166               0.00        0.00
03167              80.00       80.00
03168            -160.00     -160.00
03169            3280.00     3360.00
03170            3280.00     3360.00
03171            3280.00       80.00
03172              80.00       80.00
03173              80.00       80.00
03174              80.00     3440.00
03175            3280.00     3360.00
03176            3360.00     3440.00
03177            3280.00      -80.00
03178              80.00       80.00
03179              80.00        0.00
03180            1760.00     3520.00
03181            3280.00     3360.00
03182            3280.00     3360.00
03183              80.00      -80.00
03184              80.00       80.00
03185               0.00     -160.00
03186            3280.00     3360.00
03187            3280.00     3360.00
03188            3520.00     3360.00
03189              80.00       80.00
03190              80.00       80.00
03191              80.00     3360.00
03192            3280.00     3360.00
03193            3280.00     3440.00
03194            3360.00       80.00
03195               0.00       80.00
03196            3280.00     3360.00
03197            3280.00     3360.00
03198            3280.00     3360.00
03199            3280.00     3280.00
03200            3280.00     3360.00
03201            3280.00     3360.00
03202              80.00      -80.00
03203            3360.00     3440.00
03204            3360.00     3360.00
03205            3280.00        0.00
03206              80.00       80.00
03207              80.00      -80.00
03208               0.00     3360.00
03209            3280.00     3360.00
03210            3280.00     3360.00
03211            3440.00       80.00
03212              80.00       80.00
03213               0.00        0.00
03214            -240.00     3120.00
03215            3280.00     3360.00
03216            3360.00     3440.00
03217              80.00       80.00
03218              80.00       80.00
03219              80.00       80.00
03220            3360.00     3360.00
03221            3280.00     3360.00
03222            3280.00     3360.00
03223              80.00       80.00
03224               0.00        0.00
03225              80.00     3360.00
03226            3280.00     3360.00
03227            3280.00     3360.00
03228            3280.00        0.00
03229            3280.00     3360.00
03230            3280.00     3360.00
03231            3280.00     3360.00
03232            3280.00     3280.00
03233            3280.00     3360.00
03234              80.00       80.00
03235              80.00        0.00
03236            -400.00     3200.00
03237            3280.00     3360.00
03238            3360.00     3360.00
03239               0.00       80.00
03240              80.00       80.00
03241              80.00       80.00
03242            3360.00     3360.00
03243            3280.00     3360.00
03244            3280.00     3360.00
03245              80.00        0.00
03246              80.00       80.00
03247              80.00     3360.00
03248            3280.00     3440.00
03249            3360.00     3360.00
03250            3280.00       80.00
03251              80.00        0.00
03252              80.00       80.00
03253             -80.00     3280.00
03254            3360.00     3360.00
03255            3360.00     3440.00
03256            3520.00      240.00
03257              80.00        0.00
03258              80.00       80.00
03259            3280.00     3360.00
03260            3280.00     3360.00
03261            3280.00     3360.00
03262              80.00       80.00
03263              80.00       80.00
03264             160.00      -80.00
03265            3280.00     3280.00
03266            3280.00     3360.00
03267            3280.00       80.00
03268              80.00       80.00
03269              80.00       80.00
03270               0.00     3360.00
03271            3280.00     3360.00
03272            3360.00     3360.00
03273            3440.00      160.00
03274              80.00       80.00
03275              80.00        0.00
03276            -400.00     3360.00
03277            3360.00     3360.00
03278            3280.00     3440.00
03279              80.00       80.00
03280               0.00       80.00
03281              80.00       80.00
03282            3280.00     3360.00
03283            3280.00     3360.00
03284            3120.00     3360.00
03285               0.00       80.00
03286            3360.00     3360.00
03287            3280.00     3360.00
03288            3200.00     3360.00
03289            3360.00     3360.00
03290            3360.00     3360.00
03291            3280.00     3360.00
03292              80.00      -80.00
03293            3280.00     3360.00
03294            3280.00     3360.00
03295            3280.00     3440.00
03296              80.00       80.00
03297              80.00       80.00
03298               0.00        0.00
03299            3280.00     3360.00
03300            3360.00     3360.00
03301            3280.00       80.00
03302              80.00        0.00
03303              80.00       80.00
03304              80.00     3360.00
03305            3280.00     3440.00
03306            3280.00     3360.00
03307            3280.00        0.00
03308               0.00       80.00
03309              80.00        0.00
03310               0.00     3440.00
03311            3280.00     3360.00
03312            3280.00     3360.00
03313              80.00       80.00
03314              80.00       80.00
03315              80.00       80.00
03316            3280.00     3360.00
03317            3280.00     3440.00
03318            3360.00     3520.00
03319            3280.00     3360.00
03320            3280.00     3360.00
03321            3280.00     3360.00
03322            3280.00     3360.00
03323            3280.00     3360.00
03324              80.00      -80.00
03325              80.00        0.00
03326              80.00     3440.00
03327            3280.00     3360.00
03328            3280.00     3440.00
03329            3280.00        0.00
03330              80.00        0.00
03331              80.00        0.00
03332               0.00     3280.00
03333            3360.00     3360.00
03334            3360.00     3440.00
03335              80.00       80.00
03336              80.00       80.00
03337              80.00       80.00
03338            3280.00     3360.00
03339            3280.00     3360.00
03340            3360.00     3520.00
03341              80.00       80.00
03342              80.00       80.00
03343              80.00     3440.00
03344            3360.00     3360.00
03345            3280.00     3440.00
03346            3280.00        0.00
03347              80.00       80.00
03348              80.00       80.00
03349              80.00     3440.00
03350            3280.00     3360.00
03351            3360.00     3360.00
03352            3440.00      -80.00
03353              80.00        0.00
03354              80.00      -80.00
03355            3360.00     3360.00
03356            3360.00     3440.00
03357            3360.00     3440.00
03358              80.00       80.00
03359              80.00       80.00
03360              80.00        0.00
03361            3280.00     3360.00
03362            3280.00     3360.00
03363            3280.00       80.00
03364              80.00       80.00
03365              80.00       80.00
03366              80.00     3440.00
03367            3280.00     3440.00
03368            3360.00     3280.00
03369            3280.00       80.00
03370              80.00       80.00
03371               0.00      -80.00
03372              80.00     3120.00
03373            3360.00     3440.00
03374            3360.00     3440.00
03375              80.00       80.00
03376            3360.00     3360.00
03377            3360.00     3360.00
03378            3280.00     3360.00
03379            3280.00     3360.00
03380            3280.00     3360.00
03381            3280.00     3280.00
03382              80.00        0.00
03383              80.00     3360.00
03384            3280.00     3360.00
03385            3280.00     3360.00
03386            3360.00      160.00
03387              80.00       80.00
03388              80.00       80.00
03389            3280.00     3360.00
03390            3360.00     3360.00
03391            3280.00     3360.00
03392               0.00        0.00
03393              80.00       80.00
03394              80.00      -80.00
03395            3280.00     3360.00
03396            3360.00     3360.00
03397            3280.00      160.00
03398              80.00       80.00
03399              80.00       80.00
03400              80.00     3360.00
03401            3360.00     3280.00
03402            3280.00     3360.00
03403            3360.00       80.00
03404              80.00        0.00
03405              80.00       80.00
03406              80.00     3360.00
03407            3360.00     3360.00
03408            3280.00     3360.00
03409            3360.00     3360.00
03410            3280.00     3360.00
03411            3280.00     3360.00
03412            3280.00     3360.00
03413            3280.00     3360.00
03414              80.00      -80.00
03415              80.00       80.00
03416              80.00      -80.00
03417            3280.00     3440.00
03418            3360.00     3360.00
03419            3280.00      160.00
03420              80.00       80.00
03421              80.00       80.00
03422               0.00     3360.00
03423            3280.00     3360.00
03424            3280.00     3440.00
03425            3360.00        0.00
03426              80.00       80.00
03427              80.00       80.00
03428              80.00     3440.00
03429            3280.00     3360.00
03430            3280.00     3360.00
03431              80.00       80.00
03432               0.00       80.00
03433              80.00       80.00
03434            3280.00     3440.00
03435            3280.00     3440.00
03436            3360.00     3360.00
03437              80.00       80.00
03438              80.00       80.00
03439               0.00     3360.00
03440            3360.00     3360.00
03441            3280.00     3440.00
03442            3360.00       80.00
03443              80.00        0.00
03444              80.00       80.00
03445              80.00     3440.00
03446            3280.00     3360.00
03447            3280.00     3360.00
03448            3280.00       80.00
03449              80.00       80.00
03450              80.00       80.00
03451            3280.00     3360.00
03452            3360.00     3440.00
03453            3280.00     3360.00
03454              80.00       80.00
03455              80.00       80.00
03456              80.00      -80.00
03457            3280.00     3360.00
03458            3360.00     3360.00
03459            3280.00        0.00
03460              80.00       80.00
03461              80.00        0.00
03462              80.00     3360.00
03463            3360.00     3360.00
03464            3280.00     3440.00
03465            3280.00        0.00
03466            3280.00     3360.00
03467            3280.00     3360.00
03468            3280.00     3360.00
03469            3280.00     3360.00
03470            3280.00     3360.00
03471            3280.00     3360.00
03472              80.00        0.00
03473              80.00     2800.00
03474            3280.00     3360.00
03475            3360.00     3440.00
03476            3280.00      -80.00
03477              80.00        0.00
03478              80.00        0.00
03479               0.00     3360.00
03480            3280.00     3360.00
03481            3280.00     3360.00
03482            3440.00       80.00
03483              80.00       80.00
03484              80.00        0.00
03485            3280.00     3360.00
03486            3280.00     3360.00
03487            3360.00     3440.00
03488             160.00       80.00
03489              80.00       80.00
03490             160.00       80.00
03491            3360.00     3360.00
03492            3280.00     3360.00
03493            3120.00     1840.00
03494              80.00        0.00
03495              80.00       80.00
03496              80.00     3280.00
03497            3280.00     3360.00
03498            3280.00     3360.00
03499            3360.00     3360.00
03500            3360.00     3360.00
03501            3360.00     3360.00
03502            3280.00     3360.00
03503            3360.00     3360.00
03504            3440.00        0.00
03505              80.00       80.00
03506              80.00        0.00
03507            3280.00     3280.00
03508            3280.00     3360.00
03509            3280.00     3440.00
03510              80.00       80.00
03511              80.00       80.00
03512             160.00       80.00
03513            3280.00     3360.00
03514            3360.00     3360.00
03515            3120.00     1920.00
03516              80.00       80.00
03517              80.00       80.00
03518               0.00     3360.00
03519            3280.00     3360.00
03520            3360.00     3360.00
03521            3360.00       80.00
03522               0.00       80.00
03523              80.00       80.00
03524             -80.00     3360.00
03525            3360.00     3360.00
03526            3360.00     3360.00
03527              80.00       80.00
03528              80.00       80.00
03529              80.00        0.00
03530            3280.00     3360.00
03531            3360.00     3360.00
03532            3200.00     3360.00
03533              80.00       80.00
03534              80.00       80.00
03535              80.00     3120.00
03536            3280.00     3360.00
03537            3280.00     3360.00
03538            3360.00       80.00
03539              80.00       80.00
03540               0.00        0.00
03541              80.00     3360.00
03542            3280.00     3360.00
03543            3280.00     3440.00
03544            3440.00       80.00
03545               0.00       80.00
03546              80.00       80.00
03547            3280.00     3360.00
03548            3360.00     3440.00
03549            3360.00     3440.00
03550              80.00       80.00
03551              80.00        0.00
03552             160.00       80.00
03553            3360.00     3360.00
03554            3360.00     3360.00
03555            3200.00     1120.00
03556            3280.00     3440.00
03557            3280.00     3360.00
03558            3280.00     3360.00
03559            3280.00     3360.00
03560            3280.00     3360.00
03561            3280.00     3360.00
03562              80.00        0.00
03563              80.00     -240.00
03564            3280.00     3440.00
03565            3360.00     3440.00
03566            3280.00       80.00
03567              80.00       80.00
03568              80.00        0.00
03569              80.00     3360.00
03570            3280.00     3360.00
03571            3360.00     3360.00
03572            3280.00      -80.00
03573              80.00       80.00
03574              80.00        0.00
03575            3280.00     3360.00
03576            3280.00     3360.00
03577            3360.00     3440.00
03578              80.00       80.00
03579              80.00       80.00
03580               0.00      -80.00
03581            3360.00     3440.00
03582            3360.00     3360.00
03583            3520.00     3760.00
03584              80.00       80.00
03585               0.00       80.00
03586               0.00     3360.00
03587            3280.00     3360.00
03588            3280.00     3360.00
03589            3280.00     3360.00
03590            3280.00     3360.00
03591            3280.00     3440.00
03592            3280.00     3360.00
03593            3280.00     3360.00
03594            3280.00      -80.00
03595              80.00       80.00
03596              80.00        0.00
03597            3280.00     3360.00
03598            3280.00     3360.00
03599            3360.00     3360.00
03600              80.00       80.00
03601              80.00        0.00
03602              80.00        0.00
03603            3360.00     3280.00
03604            3280.00     3360.00
03605            3360.00     3920.00
03606              80.00       80.00
03607              80.00       80.00
03608              80.00     3360.00
03609            3280.00     3360.00
03610            3280.00     3360.00
03611            3360.00        0.00
03612              80.00      -80.00
03613              80.00        0.00
03614              80.00     3360.00
03615            3360.00     3360.00
03616            3280.00     3360.00
03617             240.00       80.00
03618              80.00       80.00
03619              80.00        0.00
03620            3280.00     3360.00
03621            3280.00     3440.00
03622            3440.00     3440.00
03623              80.00       80.00
03624              80.00       80.00
03625             240.00      480.00
03626            3360.00     3360.00
03627            3280.00     3360.00
03628            3280.00       80.00
03629              80.00       80.00
03630              80.00       80.00
03631              80.00     3440.00
03632            3360.00     3360.00
03633            3280.00     3440.00
03634            3280.00        0.00
03635              80.00       80.00
03636              80.00        0.00
03637            3280.00     3360.00
03638            3280.00     3360.00
03639            3360.00     3440.00
03640              80.00       80.00
03641              80.00       80.00
03642             160.00       80.00
03643            3280.00     3360.00
03644            3360.00     3360.00
03645            3280.00     3840.00
03646            3280.00     3360.00
03647            3280.00     3360.00
03648            3360.00     3360.00
03649            3280.00     3360.00
03650            3280.00     3360.00
03651            3280.00     3360.00
03652              80.00        0.00
03653            -160.00     -160.00
03654            3280.00     3360.00
03655            3280.00     3360.00
03656            3280.00       80.00
03657              80.00        0.00
03658              80.00       80.00
03659               0.00     3360.00
03660            3280.00     3360.00
03661            3360.00     3360.00
03662            3360.00       80.00
03663              80.00       80.00
03664              80.00       80.00
03665             880.00     3520.00
03666            3280.00     3360.00
03667            3280.00     3360.00
03668              80.00       80.00
03669              80.00        0.00
03670               0.00      -80.00
03671            3360.00     3360.00
03672            3280.00     3360.00
03673            3360.00     3440.00
03674              80.00       80.00
03675              80.00       80.00
03676               0.00     3360.00
03677            3360.00     3360.00
03678            3280.00     3360.00
03679            3280.00     3360.00
03680            3360.00     3360.00
03681            3280.00     3360.00
03682            3280.00     3360.00
03683            3280.00     3360.00
03684            3360.00        0.00
03685              80.00       80.00
03686              80.00        0.00
03687            1520.00     3520.00
03688            3280.00     3360.00
03689            3280.00     3360.00
03690              80.00       80.00
03691              80.00       80.00
03692               0.00      -80.00
03693            3360.00     3360.00
03694            3360.00     3360.00
03695            3600.00     3360.00
03696              80.00       80.00
03697              80.00       80.00
03698              80.00     3360.00
03699            3360.00     3440.00
03700            3360.00     3360.00
03701            3360.00       80.00
03702              80.00       80.00
03703              80.00       80.00
03704              80.00     3440.00
03705            3280.00     3440.00
03706            3280.00     3440.00
03707            2640.00     -160.00
03708              80.00        0.00
03709               0.00       80.00
03710            3360.00     3440.00
03711            3360.00     3360.00
03712            3360.00     3360.00
03713              80.00       80.00
03714              80.00      -80.00
03715            -240.00     -320.00
03716            3280.00     3440.00
03717            3280.00     3360.00
03718            3280.00       80.00
03719              80.00       80.00
03720              80.00       80.00
03721              80.00     3360.00
03722            3280.00     3360.00
03723            3360.00     3360.00
03724            3360.00      -80.00
03725              80.00       80.00
03726              80.00       80.00
03727            2160.00     3520.00
03728            3280.00     3360.00
03729            3280.00     3280.00
03730              80.00       80.00
03731               0.00       80.00
03732             -80.00     -160.00
03733            3360.00     3360.00
03734            3360.00     3360.00
03735            3600.00     3360.00
03736            3280.00     3360.00
03737            3360.00     3360.00
03738            3280.00     3280.00
03739            3280.00     3360.00
03740            3280.00     3360.00
03741            3280.00     3360.00
03742              80.00       80.00
03743             160.00       80.00
03744            3360.00     3360.00
03745            3280.00     3360.00
03746            3120.00     2160.00
03747              80.00       80.00
03748              80.00        0.00
03749               0.00     3360.00
03750            3280.00     3360.00
03751            3360.00     3360.00
03752            3360.00       80.00
03753              80.00      -80.00
03754              80.00       80.00
03755             -80.00     3440.00
03756            3280.00     3360.00
03757            3360.00     3360.00
03758              80.00        0.00
03759              80.00        0.00
03760              80.00      -80.00
03761            3280.00     3360.00
03762            3360.00     3440.00
03763            3200.00     3360.00
03764              80.00       80.00
03765              80.00       80.00
03766              80.00     2960.00
03767            3280.00     3360.00
03768            3280.00     3360.00
03769            3280.00     3360.00
03770            3280.00     3360.00
03771            3280.00     3360.00
03772            3280.00     3360.00
03773            3280.00     3360.00
03774            3360.00       80.00
03775               0.00       80.00
03776              80.00       80.00
03777               0.00     3360.00
03778            3360.00     3440.00
03779            3280.00     3360.00
03780              80.00       80.00
03781              80.00        0.00
03782              80.00       80.00
03783            3280.00     3360.00
03784            3360.00     3440.00
03785            3280.00     3360.00
03786              80.00       80.00
03787              80.00       80.00
03788              80.00     3040.00
03789            3360.00     3360.00
03790            3280.00     3360.00
03791            3360.00       80.00
03792              80.00       80.00
03793               0.00       80.00
03794              80.00     3360.00
03795            3280.00     3360.00
03796            3360.00     3360.00
03797            3440.00       80.00
03798              80.00       80.00
03799              80.00       80.00
03800            3280.00     3360.00
03801            3360.00     3360.00
03802            3280.00     3440.00
03803              80.00        0.00
03804              80.00      -80.00
03805              80.00      -80.00
03806            3280.00     3360.00
03807            3280.00     3360.00
03808            3200.00      960.00
03809              80.00       80.00
03810               0.00       80.00
03811               0.00     3360.00
03812            3280.00     3360.00
03813            3280.00     3360.00
03814            3360.00       80.00
03815              80.00       80.00
03816              80.00       80.00
03817               0.00     3280.00
03818            3280.00     3360.00
03819            3360.00     3440.00
03820              80.00       80.00
03821              80.00       80.00
03822              80.00       80.00
03823            3280.00     3360.00
03824            3360.00     3440.00
03825            3200.00     3280.00
03826            3280.00     3360.00
03827            3360.00     3360.00
03828            3280.00     3360.00
03829            3280.00     3360.00
03830            3280.00     3360.00
03831            3280.00     3360.00
03832              80.00        0.00
03833              80.00      -80.00
03834            3280.00     3360.00
03835            3360.00     3360.00
03836            3280.00     3440.00
03837               0.00       80.00
03838              80.00        0.00
03839               0.00     3360.00
03840            3360.00     3440.00
03841            3360.00     3360.00
03842            3280.00       80.00
03843              80.00       80.00
03844              80.00       80.00
03845               0.00     3440.00
03846            3280.00     3360.00
03847            3280.00     3360.00
03848            3360.00      -80.00
03849              80.00        0.00
03850              80.00      -80.00
03851            3280.00     3360.00
03852            3360.00     3360.00
03853            3360.00     3440.00
03854              80.00       80.00
03855              80.00       80.00
03856              80.00       80.00
03857            3360.00     3360.00
03858            3280.00     3360.00
03859            3280.00     3360.00
03860            3280.00     3360.00
03861            3280.00     3440.00
03862            3280.00     3360.00
03863            3280.00     3280.00
03864            3440.00     3440.00
03865              80.00       80.00
03866              80.00        0.00
03867             160.00      160.00
03868            3280.00     3360.00
03869            3280.00     3360.00
03870            3280.00       80.00
03871              80.00       80.00
03872              80.00      -80.00
03873              80.00     3440.00
03874            3280.00     3440.00
03875            3360.00     3360.00
03876            3280.00      -80.00
03877              80.00       80.00
03878              80.00       80.00
03879            3280.00     3360.00
03880            3280.00     3360.00
03881            3360.00     3440.00
03882              80.00       80.00
03883              80.00       80.00
03884             160.00       80.00
03885            3360.00     3440.00
03886            3280.00     3360.00
03887            3360.00     3920.00
03888              80.00       80.00
03889              80.00       80.00
03890              80.00     3360.00
03891            3280.00     3440.00
03892            3360.00     3360.00
03893            3280.00       80.00
03894              80.00       80.00
03895              80.00        0.00
03896               0.00     3360.00
03897            3280.00     3360.00
03898            3280.00     3360.00
03899             160.00        0.00
03900              80.00       80.00
03901               0.00       80.00
03902            3280.00     3360.00
03903            3360.00     3360.00
03904            3360.00     3440.00
03905              80.00       80.00
03906              80.00       80.00
03907             240.00     1200.00
03908            3280.00     3360.00
03909            3280.00     3440.00
03910            3280.00       80.00
03911              80.00       80.00
03912              80.00        0.00
03913              80.00     3360.00
03914            3280.00     3360.00
03915            3280.00     3440.00
03916            3280.00     3360.00
03917            3280.00     3360.00
03918            3280.00     3360.00
03919            3280.00     3360.00
03920            3280.00     3360.00
03921            3280.00     3360.00
03922               0.00       80.00
03923               0.00        0.00
03924              80.00     3440.00
03925            3360.00     3440.00
03926            3360.00     3360.00
03927            3360.00      160.00
03928              80.00       80.00
03929              80.00      -80.00
03930            3360.00     3360.00
03931            3280.00     3360.00
03932            3360.00     3280.00
03933              80.00       80.00
03934              80.00        0.00
03935              80.00      -80.00
03936            3280.00     3440.00
03937            3280.00     3360.00
03938            3360.00      160.00
03939              80.00       80.00
03940              80.00       80.00
03941              80.00     3360.00
03942            3280.00     3360.00
03943            3360.00     3360.00
03944            3360.00        0.00
03945              80.00       80.00
03946              80.00       80.00
03947              80.00     3440.00
03948            3360.00     3440.00
03949            3280.00     3360.00
03950            3280.00     3360.00
03951            3360.00     3360.00
03952            3280.00     3280.00
03953            3280.00     3360.00
03954            3360.00     3360.00
03955              80.00       80.00
03956              80.00       80.00
03957              80.00      -80.00
03958            3360.00     3360.00
03959            3280.00     3360.00
03960            3280.00       80.00
03961              80.00        0.00
03962              80.00        0.00
03963              80.00     3280.00
03964            3280.00     3360.00
03965            3360.00     3360.00
03966            3280.00       80.00
03967              80.00       80.00
03968              80.00       80.00
03969              80.00     3440.00
03970            3280.00     3360.00
03971            3280.00     3360.00
03972              80.00        0.00
03973              80.00       80.00
03974               0.00        0.00
03975            3280.00     3360.00
03976            3360.00     3360.00
03977            3360.00     3440.00
03978              80.00       80.00
03979              80.00       80.00
03980              80.00     3360.00
03981            3280.00     3440.00
03982            3280.00     3440.00
03983            3360.00       80.00
03984              80.00       80.00
03985              80.00       80.00
03986              80.00     3440.00
03987            3360.00     3360.00
03988            3280.00     3280.00
03989            3280.00        0.00
03990               0.00       80.00
03991              80.00      -80.00
03992            3280.00     3360.00
03993            3280.00     3360.00
03994            3280.00     3440.00
03995              80.00       80.00
03996              80.00       80.00
03997              80.00      -80.00
03998            3360.00     3360.00
03999            3280.00     3440.00
04000            3360.00       80.00
04001              80.00        0.00
04002              80.00       80.00
04003               0.00     3360.00
04004            3360.00     3360.00
04005            3280.00     3360.00
04006            3280.00     3360.00
04007            3280.00     3280.00
04008            3280.00     3360.00
04009            3280.00     3360.00
04010            3280.00     3360.00
04011            3280.00     3280.00
04012              80.00       80.00
04013              80.00       80.00
04014              80.00     3360.00
04015            3280.00     3360.00
04016            3280.00     3360.00
04017            3360.00       80.00
04018              80.00        0.00
04019               0.00        0.00
04020            -400.00     3280.00
04021            3360.00     3360.00
04022            3360.00     3440.00
04023              80.00       80.00
04024              80.00       80.00
04025             160.00       80.00
04026            3280.00     3360.00
04027            3280.00     3360.00
04028            3280.00     3360.00
04029              80.00       80.00
04030              80.00      -80.00
04031              80.00     3360.00
04032            3280.00     3360.00
04033            3280.00     3360.00
04034            3280.00        0.00
04035               0.00       80.00
04036               0.00        0.00
04037             -80.00     3280.00
04038            3280.00     3360.00
04039            3360.00     3360.00
04040            3280.00     3360.00
04041            3280.00     3360.00
04042            3280.00     3360.00
04043            3280.00     3360.00
04044            3360.00     3440.00
04045              80.00        0.00
04046              80.00       80.00
04047             160.00       80.00
04048            3280.00     3360.00
04049            3360.00     3440.00
04050            3200.00     3440.00
04051              80.00       80.00
04052              80.00        0.00
04053              80.00     3440.00
04054            3360.00     3360.00
04055            3360.00     3360.00
04056            3360.00       80.00
04057               0.00        0.00
04058              80.00       80.00
04059               0.00     3280.00
04060            3360.00     3360.00
04061            3360.00     3440.00
04062            3680.00      240.00
04063              80.00       80.00
04064              80.00       80.00
04065            3280.00     3360.00
04066            3280.00     3360.00
04067            3280.00     3360.00
04068              80.00       80.00
04069              80.00        0.00
04070              80.00      -80.00
04071            3360.00     3360.00
04072            3280.00     3360.00
04073            3360.00        0.00
04074               0.00       80.00
04075              80.00        0.00
04076              80.00     3360.00
04077            3280.00     3360.00
04078            3360.00     3360.00
04079            3440.00      160.00
04080              80.00       80.00
04081               0.00        0.00
04082            -320.00     3440.00
04083            3360.00     3440.00
04084            3280.00     3360.00
04085              80.00        0.00
04086              80.00        0.00
04087              80.00        0.00
04088            3280.00     3440.00
04089            3280.00     3440.00
04090            3200.00     3520.00
04091              80.00       80.00
04092              80.00       80.00
04093              80.00     3360.00
04094            3280.00     3440.00
04095            3360.00     3440.00
04096            3280.00     3360.00
04097            3280.00     3280.00
04098            3280.00     3360.00
04099            3280.00     3360.00
04100            3280.00     3280.00
04101            3280.00     3360.00
04102              80.00      -80.00
04103              80.00       80.00
04104               0.00     3360.00
04105            3280.00     3360.00
04106            3360.00     3360.00
04107            3280.00        0.00
04108              80.00        0.00
04109              80.00        0.00
04110              80.00     3360.00
04111            3280.00     3440.00
04112            3280.00     3360.00
04113             240.00      -80.00
04114             160.00       80.00
04115              80.00        0.00
04116            3360.00     3360.00
04117            3280.00     3360.00
04118            3440.00     3440.00
04119              80.00       80.00
04120              80.00       80.00
04121             160.00      320.00
04122            3280.00     3360.00
04123            3280.00     3360.00
04124            3360.00       80.00
04125              80.00       80.00
04126              80.00        0.00
04127              80.00     3360.00
04128            3280.00     3360.00
04129            3280.00     3360.00
04130            3280.00     3360.00
04131            3280.00     3360.00
04132            3280.00     3360.00
04133            3360.00     3360.00
04134            3280.00     3360.00
04135              80.00       80.00
04136              80.00        0.00
04137               0.00        0.00
04138            3280.00     3360.00
04139            3280.00     3360.00
04140            3440.00     3520.00
04141              80.00       80.00
04142              80.00        0.00
04143             160.00      800.00
04144            3280.00     3440.00
04145            3280.00     3360.00
04146            3280.00       80.00
04147              80.00       80.00
04148              80.00        0.00
04149              80.00     3360.00
04150            3280.00     3360.00
04151            3280.00     3440.00
04152            3360.00      -80.00
04153              80.00       80.00
04154              80.00       80.00
04155            3280.00     3360.00
04156            3280.00     3440.00
04157            3360.00     3440.00
04158              80.00       80.00
04159              80.00       80.00
04160              80.00        0.00
04161            3280.00     3360.00
04162            3280.00     3360.00
04163            3280.00     3840.00
04164              80.00       80.00
04165              80.00       80.00
04166              80.00     3440.00
04167            3280.00     3360.00
04168            3280.00     3360.00
04169            3360.00        0.00
04170              80.00        0.00
04171              80.00       80.00
04172              80.00     3360.00
04173            3280.00     3360.00
04174            3280.00     3360.00
04175             160.00       80.00
04176              80.00       80.00
04177              80.00       80.00
04178            3280.00     3360.00
04179            3280.00     3360.00
04180            3360.00     3440.00
04181              80.00       80.00
04182              80.00        0.00
04183             160.00     1200.00
04184            3280.00     3360.00
04185            3280.00     3360.00
04186            3280.00     3360.00
04187            3280.00     3360.00
04188            3280.00     3440.00
04189            3280.00     3360.00
04190            3280.00     3360.00
04191            3360.00     3360.00
04192              80.00       80.00
04193              80.00       80.00
04194              80.00     3280.00
04195            3280.00     3360.00
04196            3280.00     3360.00
04197            3360.00       80.00
04198              80.00       80.00
04199             160.00       80.00
04200              80.00     3360.00
04201            3360.00     3360.00
04202            3280.00     3360.00
04203            3360.00       80.00
04204              80.00       80.00
04205              80.00      -80.00
04206            3280.00     3360.00
04207            3360.00     3360.00
04208            3280.00     3360.00
04209              80.00       80.00
04210              80.00       80.00
04211              80.00      -80.00
04212            3280.00     3360.00
04213            3360.00     3360.00
04214            3360.00       80.00
04215              80.00       80.00
04216              80.00       80.00
04217              80.00     3360.00
04218            3280.00     3440.00
04219            3280.00     3360.00
04220            3280.00     3360.00
04221            3360.00     3360.00
04222            3280.00     3360.00
04223            3280.00     3360.00
04224            3280.00     3360.00
04225            3280.00       80.00
04226              80.00       80.00
04227               0.00      -80.00
04228            3280.00     3360.00
04229            3360.00     3360.00
04230            3280.00     3360.00
04231              80.00       80.00
04232              80.00        0.00
04233              80.00      -80.00
04234            3280.00     3360.00
04235            3360.00     3360.00
04236            3360.00       80.00
04237              80.00       80.00
04238              80.00        0.00
04239              80.00     3360.00
04240            3360.00     3360.00
04241            3280.00     3360.00
04242            3280.00       80.00
04243              80.00       80.00
04244              80.00       80.00
04245             -80.00     3440.00
04246            3280.00     3360.00
04247            3280.00     3360.00
04248              80.00       80.00
04249               0.00       80.00
04250              80.00        0.00
04251            3360.00     3360.00
04252            3360.00     3360.00
04253            3360.00     3440.00
04254              80.00       80.00
04255              80.00       80.00
04256              80.00     3360.00
04257            3280.00     3360.00
04258            3280.00     3360.00
04259            3360.00       80.00
04260              80.00       80.00
04261              80.00       80.00
04262              80.00     3440.00
04263            3360.00     3440.00
04264            3280.00     3360.00
04265            3360.00        0.00
04266              80.00       80.00
04267               0.00       80.00
04268            3280.00     3440.00
04269            3280.00     3360.00
04270            3360.00     3360.00
04271              80.00        0.00
04272              80.00       80.00
04273              80.00      -80.00
04274            3280.00     3360.00
04275            3280.00     3360.00
04276            3280.00     3360.00
04277            3280.00     3360.00
04278            3280.00     3360.00
04279            3280.00     3280.00
04280            3280.00     3360.00
04281            3280.00     3360.00
04282              80.00       80.00
04283              80.00       80.00
04284             160.00      -80.00
04285            3280.00     3440.00
04286            3360.00     3360.00
04287            3280.00       80.00
04288              80.00       80.00
04289              80.00        0.00
04290               0.00     3280.00
04291            3280.00     3360.00
04292            3280.00     3440.00
04293            3440.00      160.00
04294              80.00       80.00
04295              80.00        0.00
04296            -400.00     3280.00
04297            3280.00     3440.00
04298            3360.00     3440.00
04299              80.00        0.00
04300              80.00        0.00
04301              80.00       80.00
04302            3280.00     3360.00
04303            3360.00     3360.00
04304            3200.00     3440.00
04305              80.00        0.00
04306              80.00       80.00
04307              80.00     3360.00
04308            3360.00     3360.00
04309            3280.00     3360.00
04310            3280.00     3360.00
04311            3280.00     3360.00
04312            3360.00     3360.00
04313            3360.00     3360.00
04314            3280.00     3360.00
04315            3440.00      160.00
04316              80.00        0.00
04317              80.00       80.00
04318            -400.00     3360.00
04319            3360.00     3440.00
04320            3280.00     3360.00
04321              80.00       80.00
04322              80.00       80.00
04323              80.00       80.00
04324            3360.00     3360.00
04325            3360.00     3440.00
04326            3200.00     3440.00
04327              80.00       80.00
04328              80.00       80.00
04329              80.00     3360.00
04330            3360.00     3360.00
04331            3280.00     3360.00
04332            3360.00       80.00
04333              80.00        0.00
04334              80.00       80.00
04335               0.00     3280.00
04336            3280.00     3360.00
04337            3360.00     3440.00
04338            3840.00      160.00
04339              80.00       80.00
04340             160.00       80.00
04341            3280.00     3360.00
04342            3280.00     3360.00
04343            3280.00     3360.00
04344              80.00       80.00
04345              80.00       80.00
04346               0.00      -80.00
04347            3360.00     3360.00
04348            3360.00     3360.00
04349            3360.00       80.00
04350              80.00       80.00
04351              80.00       80.00
04352              80.00     3360.00
04353            3280.00     3440.00
04354            3280.00     3360.00
04355            3440.00      160.00
04356              80.00       80.00
04357              80.00        0.00
04358            -160.00     3440.00
04359            3280.00     3360.00
04360            3280.00     3360.00
04361              80.00       80.00
04362              80.00       80.00
04363              80.00       80.00
04364            3280.00     3360.00
04365            3360.00     3440.00
04366            3280.00     3360.00
04367            3280.00     3280.00
04368            3280.00     3360.00
04369            3280.00     3360.00
04370            3360.00     3360.00
04371            3280.00     3360.00
04372              80.00       80.00
04373              80.00       80.00
04374              80.00        0.00
04375            3280.00     3360.00
04376            3360.00     3360.00
04377            3440.00     3920.00
04378              80.00        0.00
04379              80.00       80.00
04380              80.00     3440.00
04381            3280.00     3280.00
04382            3280.00     3360.00
04383            3360.00        0.00
04384              80.00       80.00
04385              80.00        0.00
04386              80.00     3360.00
04387            3280.00     3360.00
04388            3280.00     3360.00
04389             240.00        0.00
04390              80.00       80.00
04391              80.00       80.00
04392            3280.00     3360.00
04393            3280.00     3360.00
04394            3360.00     3520.00
04395              80.00       80.00
04396              80.00       80.00
04397             160.00      560.00
04398            3360.00     3360.00
04399            3280.00     3280.00
04400            3280.00     3360.00
04401            3280.00     3360.00
04402            3280.00     3360.00
04403            3280.00     3360.00
04404            3360.00     3360.00
04405            3360.00        0.00
04406               0.00       80.00
04407              80.00       80.00
04408              80.00     3360.00
04409            3280.00     3360.00
04410            3360.00     3360.00
04411             160.00        0.00
04412              80.00       80.00
04413              80.00        0.00
04414            3360.00     3360.00
04415            3280.00     3360.00
04416            3440.00     3440.00
04417              80.00       80.00
04418              80.00        0.00
04419             160.00      960.00
04420            3360.00     3440.00
04421            3360.00     3360.00
04422            3280.00        0.00
04423              80.00       80.00
04424              80.00       80.00
04425              80.00     3360.00
04426            3280.00     3360.00
04427            3360.00     3360.00
04428            3360.00       80.00
04429              80.00       80.00
04430               0.00       80.00
04431            3280.00     3360.00
04432            3280.00     3360.00
04433            3360.00     3360.00
04434              80.00       80.00
04435              80.00        0.00
04436              80.00       80.00
04437            3280.00     3360.00
04438            3360.00     3360.00
04439            3280.00     3520.00
04440               0.00       80.00
04441              80.00       80.00
04442              80.00     3360.00
04443            3280.00     3360.00
04444            3280.00     3360.00
04445            3360.00        0.00
04446              80.00        0.00
04447              80.00        0.00
04448              80.00     3360.00
04449            3280.00     3440.00
04450            3280.00     3440.00
04451              80.00       80.00
04452               0.00       80.00
04453               0.00      -80.00
04454            3280.00     3360.00
04455            3360.00     3440.00
04456            3280.00     3360.00
04457            3280.00     3280.00
04458            3280.00     3360.00
04459            3280.00     3360.00
04460            3360.00     3360.00
04461            3280.00     3360.00
04462              80.00        0.00
04463              80.00        0.00
04464              80.00      -80.00
04465            3360.00     3440.00
04466            3280.00     3360.00
04467            3360.00     3360.00
04468              80.00       80.00
04469              80.00        0.00
04470              80.00     3360.00
04471            3280.00     3360.00
04472            3360.00     3360.00
04473            3360.00       80.00
04474              80.00       80.00
04475              80.00        0.00
04476              80.00     3440.00
04477            3280.00     3360.00
04478            3280.00     3360.00
04479            3360.00      160.00
04480              80.00       80.00
04481              80.00        0.00
04482            3360.00     3360.00
04483            3280.00     3360.00
04484            3360.00     3360.00
04485              80.00        0.00
04486              80.00        0.00
04487              80.00      -80.00
04488            3280.00     3360.00
04489            3360.00     3360.00
04490            3280.00     3360.00
04491            3280.00     3360.00
04492            3280.00     3360.00
04493            3280.00     3360.00
04494            3360.00     3360.00
04495            3360.00       80.00
04496              80.00       80.00
04497              80.00        0.00
04498              80.00     3440.00
04499            3280.00     3360.00
04500            3280.00     3360.00
04501            3280.00       80.00
04502              80.00        0.00
04503              80.00      -80.00
04504            3280.00     3360.00
04505            3360.00     3360.00
04506            3360.00     3440.00
04507              80.00       80.00
04508              80.00       80.00
04509              80.00      -80.00
04510            3280.00     3360.00
04511            3280.00     3360.00
04512            3360.00       80.00
04513              80.00       80.00
04514              80.00       80.00
04515              80.00     3440.00
04516            3280.00     3360.00
04517            3360.00     3360.00
04518            3280.00      -80.00
04519              80.00        0.00
04520              80.00       80.00
04521               0.00     3520.00
04522            3280.00     3360.00
04523            3280.00     3360.00
04524              80.00       80.00
04525              80.00        0.00
04526              80.00        0.00
04527            3280.00     3360.00
04528            3280.00     3360.00
04529            3360.00     3440.00
04530              80.00       80.00
04531              80.00       80.00
04532               0.00     3280.00
04533            3360.00     3360.00
04534            3440.00     3440.00
04535            3360.00       80.00
04536              80.00        0.00
04537              80.00       80.00
04538              80.00     3440.00
04539            3280.00     3360.00
04540            3280.00     3360.00
04541            3360.00      -80.00
04542              80.00        0.00
04543              80.00        0.00
04544            3280.00     3360.00
04545            3360.00     3360.00
04546            3280.00     3360.00
04547            3280.00     3360.00
04548            3280.00     3360.00
04549            3280.00     3360.00
04550            3280.00     3360.00
04551            3280.00     3360.00
04552              80.00       80.00
04553              80.00       80.00
04554             160.00       80.00
04555            3280.00     3360.00
04556            3280.00     3360.00
04557            3280.00     3440.00
04558              80.00       80.00
04559              80.00       80.00
04560               0.00     3360.00
04561            3280.00     3360.00
04562            3360.00     3360.00
04563            3280.00        0.00
04564              80.00       80.00
04565              80.00        0.00
04566             -80.00     3280.00
04567            3280.00     3360.00
04568            3360.00     3440.00
04569            3600.00      160.00
04570              80.00        0.00
04571             160.00       80.00
04572            3280.00     3360.00
04573            3280.00     3440.00
04574            3280.00     3360.00
04575              80.00       80.00
04576              80.00      -80.00
04577              80.00      -80.00
04578            3280.00     3360.00
04579            3280.00     3360.00
04580            3280.00     3360.00
04581            3280.00     3280.00
04582            3280.00     3360.00
04583            3360.00     3360.00
04584            3280.00     3440.00
04585            3360.00        0.00
04586              80.00       80.00
04587              80.00       80.00
04588               0.00     3280.00
04589            3360.00     3360.00
04590            3360.00     3440.00
04591            3840.00      240.00
04592              80.00       80.00
04593              80.00       80.00
04594            3280.00     3360.00
04595            3280.00     3360.00
04596            3280.00     3360.00
04597              80.00      -80.00
04598              80.00        0.00
04599               0.00      -80.00
04600            3360.00     3360.00
04601            3280.00     3440.00
04602            3280.00       80.00
04603               0.00       80.00
04604              80.00        0.00
04605              80.00     3280.00
04606            3360.00     3360.00
04607            3280.00     3360.00
04608            3440.00      160.00
04609              80.00       80.00
04610              80.00        0.00
04611             -80.00     3440.00
04612            3280.00     3360.00
04613            3280.00     3360.00
04614               0.00       80.00
04615              80.00        0.00
04616              80.00        0.00
04617            3360.00     3440.00
04618            3280.00     3440.00
04619            3200.00     3440.00
04620              80.00        0.00
04621              80.00        0.00
04622               0.00     3440.00
04623            3280.00     3440.00
04624            3360.00     3360.00
04625            3360.00       80.00
04626              80.00       80.00
04627              80.00        0.00
04628              80.00     3360.00
04629            3280.00     3360.00
04630            3360.00     3360.00
04631            3920.00      160.00
04632              80.00       80.00
04633              80.00       80.00
04634            3280.00     3360.00
04635            3280.00     3360.00
04636            3280.00     3360.00
04637            3360.00     3360.00
04638            3280.00     3360.00
04639            3280.00     3360.00
04640            3280.00     3360.00
04641            3280.00     3360.00
04642              80.00       80.00
04643              80.00        0.00
04644              80.00       80.00
04645            3280.00     3280.00
04646            3280.00     3360.00
04647            3360.00     3440.00
04648              80.00       80.00
04649              80.00        0.00
04650              80.00     3360.00
04651            3280.00     3360.00
04652            3360.00     3440.00
04653            3280.00      -80.00
04654              80.00       80.00
04655              80.00        0.00
04656               0.00     3360.00
04657            3360.00     3360.00
04658            3360.00     3360.00
04659            3360.00       80.00
04660              80.00       80.00
04661               0.00        0.00
04662            3360.00     3440.00
04663            3280.00     3360.00
04664            3280.00     3360.00
04665              80.00      -80.00
04666              80.00       80.00
04667               0.00        0.00
04668            3280.00     3360.00
04669            3280.00     3280.00
04670            3280.00     3360.00
04671            3280.00     3360.00
04672            3360.00     3360.00
04673            3280.00     3280.00
04674            3280.00     3360.00
04675            3280.00        0.00
04676              80.00       80.00
04677              80.00        0.00
04678               0.00     3360.00
04679            3280.00     3360.00
04680            3280.00     3440.00
04681            3360.00        0.00
04682              80.00        0.00
04683              80.00      -80.00
04684            3360.00     3360.00
04685            3360.00     3360.00
04686            3360.00     3360.00
04687              80.00       80.00
04688              80.00       80.00
04689              80.00        0.00
04690            3360.00     3360.00
04691            3280.00     3360.00
04692            3280.00       80.00
04693              80.00        0.00
04694               0.00        0.00
04695              80.00     3360.00
04696            3280.00     3440.00
04697            3280.00     3440.00
04698            3360.00        0.00
04699              80.00       80.00
04700               0.00        0.00
04701               0.00     3120.00
04702            3360.00     3360.00
04703            3360.00     3520.00
04704              80.00      -80.00
04705              80.00       80.00
04706              80.00       80.00
04707            3280.00     3280.00
04708            3280.00     3360.00
04709            3440.00     3360.00
04710              80.00       80.00
04711              80.00       80.00
04712              80.00     3280.00
04713            3280.00     3360.00
04714            3280.00     3360.00
04715            3280.00        0.00
04716              80.00       80.00
04717               0.00       80.00
04718             -80.00     3280.00
04719            3280.00     3360.00
04720            3280.00     3360.00
04721            3280.00      240.00
04722              80.00       80.00
04723              80.00        0.00
04724            3280.00     3360.00
04725            3360.00     3360.00
04726            3280.00     3360.00
04727            3280.00     3360.00
04728            3280.00     3360.00
04729            3280.00     3360.00
04730            3280.00     3360.00
04731            3280.00     3360.00
04732            3280.00      -80.00
04733              80.00        0.00
04734              80.00       80.00
04735             -80.00     3440.00
04736            3280.00     3360.00
04737            3360.00     3360.00
04738              80.00        0.00
04739              80.00        0.00
04740              80.00      -80.00
04741            3280.00     3360.00
04742            3280.00     3360.00
04743            3280.00     3360.00
04744              80.00       80.00
04745              80.00        0.00
04746               0.00     3360.00
04747            3280.00     3360.00
04748            3280.00     3360.00
04749            3440.00       80.00
04750              80.00       80.00
04751              80.00       80.00
04752              80.00     3440.00
04753            3280.00     3360.00
04754            3280.00     3360.00
04755            3280.00       80.00
04756              80.00       80.00
04757              80.00        0.00
04758            3360.00     3360.00
04759            3360.00     3360.00
04760            3280.00     3360.00
04761            3280.00     3360.00
04762            3280.00     3360.00
04763              80.00     3440.00
04764            3360.00     3440.00
04765            3280.00     3360.00
04766            2160.00     -160.00
04767              80.00       80.00
04768              80.00       80.00
04769            3360.00     3360.00
04770            3280.00     3360.00
04771            3360.00     3440.00
04772              80.00        0.00
04773               0.00       80.00
04774             -80.00     -400.00
04775            3280.00     3360.00
04776            3280.00     3360.00
04777            3360.00       80.00
04778              80.00       80.00
04779               0.00        0.00
04780              80.00     3360.00
04781            3280.00     3360.00
04782            3360.00     3360.00
04783            3280.00      -80.00
04784              80.00        0.00
04785              80.00        0.00
04786            2720.00     3440.00
04787            3360.00     3360.00
04788            3280.00     3360.00
04789              80.00       80.00
04790              80.00       80.00
04791             -80.00      -80.00
04792            3280.00     3360.00
04793            3280.00     3360.00
04794            3600.00     3440.00
04795              80.00       80.00
04796              80.00        0.00
04797              80.00     3360.00
04798            3280.00     3360.00
04799            3360.00     3360.00
04800            3360.00       80.00
04801              80.00       80.00
04802              80.00       80.00
04803              80.00     3440.00
04804            3280.00     3360.00
04805            3360.00     3360.00
04806            1360.00      -80.00
04807              80.00       80.00
04808              80.00        0.00
04809            3280.00     3440.00
04810            3280.00     3360.00
04811            3440.00     3440.00
04812              80.00       80.00
04813              80.00        0.00
04814             -80.00     -400.00
04815            3360.00     3440.00
04816            3280.00     3360.00
04817            3280.00     3360.00
04818            3280.00     3360.00
04819            3280.00     3360.00
04820            3280.00     3360.00
04821            3280.00     3360.00
04822            3360.00     3360.00
04823              80.00      -80.00
04824              80.00       80.00
04825              80.00       80.00
04826            3280.00     3360.00
04827            3280.00     3440.00
04828            3200.00     3360.00
04829              80.00        0.00
04830              80.00        0.00
04831               0.00     3360.00
04832            3280.00     3360.00
04833            3280.00     3360.00
04834            3360.00       80.00
04835              80.00       80.00
04836              80.00       80.00
04837               0.00     3280.00
04838            3280.00     3360.00
04839            3280.00     3360.00
04840            3760.00      160.00
04841              80.00       80.00
04842              80.00       80.00
04843            3280.00     3360.00
04844            3280.00     3440.00
04845            3280.00     3360.00
04846               0.00        0.00
04847              80.00       80.00
04848            3360.00     3360.00
04849            3280.00     3360.00
04850            3280.00     3360.00
04851            3280.00     3360.00
04852            3280.00     3360.00
04853              80.00     3360.00
04854            3360.00     3360.00
04855            3280.00     3360.00
04856            3360.00       80.00
04857              80.00       80.00
04858              80.00       80.00
04859               0.00     3360.00
04860            3280.00     3360.00
04861            3360.00     3440.00
04862            3840.00      160.00
04863               0.00      -80.00
04864              80.00       80.00
04865            3280.00     3360.00
04866            3360.00     3360.00
04867            3280.00     3280.00
04868              80.00        0.00
04869              80.00       80.00
04870               0.00      -80.00
04871            3280.00     3360.00
04872            3280.00     3440.00
04873            3280.00       80.00
04874               0.00        0.00
04875              80.00       80.00
04876              80.00     3360.00
04877            3360.00     3360.00
04878            3360.00     3360.00
04879            3360.00      160.00
04880               0.00       80.00
04881              80.00       80.00
04882            -240.00     3360.00
04883            3280.00     3440.00
04884            3280.00     3360.00
04885              80.00      -80.00
04886               0.00        0.00
04887             -80.00      -80.00
04888            3280.00     3280.00
04889            3280.00     3280.00
04890            3120.00     3440.00
04891               0.00      -80.00
04892             -80.00      -80.00
04893             -80.00     3280.00
04894            3280.00     3360.00
04895            3280.00     3360.00
04896            3360.00       80.00
04897              80.00       80.00
04898              80.00       80.00
04899              80.00     3360.00
04900            3360.00     3360.00
04901            3360.00     3360.00
04902            3840.00        0.00
04903              80.00       80.00
04904              80.00       80.00
04905            3280.00     3360.00
04906            3360.00     3360.00
04907            3280.00     3360.00
04908            3280.00     3280.00
04909            3280.00     3360.00
04910            3280.00     3360.00
04911            3280.00     3280.00
04912            3280.00     3360.00
04913            3360.00        0.00
04914              80.00       80.00
04915              80.00      -80.00
04916               0.00     3120.00
04917            3360.00     3360.00
04918            3360.00     3440.00
04919               0.00        0.00
04920               0.00       80.00
04921              80.00       80.00
04922            3280.00     3360.00
04923            3280.00     3360.00
04924            3360.00     3440.00
04925              80.00      -80.00
04926              80.00       80.00
04927              80.00     3360.00
04928            3360.00     3360.00
04929            3360.00     3440.00
04930            3280.00      -80.00
04931              80.00       80.00
04932               0.00       80.00
04933               0.00     3360.00
04934            3280.00     3360.00
04935            3360.00     3440.00
04936            3360.00       80.00
04937              80.00       80.00
04938            3280.00     3360.00
04939            3280.00     3360.00
04940            3280.00     3280.00
04941            3280.00     3360.00
04942            3280.00     3360.00
04943              80.00        0.00
04944            3280.00     3360.00
04945            3280.00     3360.00
04946            3440.00     3440.00
04947              80.00       80.00
04948             -80.00      -80.00
04949               0.00     3360.00
04950            3280.00     3280.00
04951            3280.00     3360.00
04952            3200.00      -80.00
04953              80.00        0.00
04954               0.00      -80.00
04955             -80.00     3360.00
04956            3280.00     3280.00
04957            3360.00     3360.00
04958            3360.00       80.00
04959              80.00       80.00
04960              80.00        0.00
04961            3360.00     3360.00
04962            3280.00     3360.00
04963            3360.00     3440.00
04964              80.00       80.00
04965              80.00       80.00
04966              80.00       80.00
04967            3280.00     3440.00
04968            3280.00     3440.00
04969            3280.00        0.00
04970              80.00       80.00
04971              80.00      -80.00
04972              80.00     3440.00
04973            3280.00     3440.00
04974            3280.00     3360.00
04975            3360.00       80.00
04976              80.00       80.00
04977              80.00        0.00
04978             -80.00     3040.00
04979            3280.00     3360.00
04980            3440.00     3440.00
04981              80.00       80.00
04982              80.00       80.00
04983              80.00       80.00
04984            3280.00     3360.00
04985            3280.00     3360.00
04986            3360.00     3360.00
04987              80.00        0.00
04988              80.00       80.00
04989              80.00     3360.00
04990            3280.00     3440.00
04991            3360.00     3440.00
04992            3280.00      -80.00
04993              80.00       80.00
04994              80.00        0.00
04995            3280.00     3360.00
04996            3280.00     3360.00
04997            3360.00     3360.00
04998            3280.00     3280.00
04999            3280.00     3360.00
05000            3360.00     3360.00
