Unit:(mV)
                     CH1         CH2
Frequency              ?   2.567 kHz
Period                 ?  389.560 us
00001             400.00     1680.00
00002             400.00     1680.00
00003             400.00     1680.00
00004             400.00     1680.00
00005             400.00     1680.00
00006             400.00     1680.00
00007             400.00     1680.00
00008               0.00     1680.00
00009             400.00     1760.00
00010             400.00     1680.00
00011             400.00     1680.00
00012             400.00     1680.00
00013             400.00     1680.00
00014             400.00     1600.00
00015             400.00     1680.00
00016             400.00     1680.00
00017             400.00     1680.00
00018               0.00     1680.00
00019             400.00     1680.00
00020             400.00     1680.00
00021             400.00     1680.00
00022             400.00     1680.00
00023             400.00     1680.00
00024             400.00     1680.00
00025             800.00     1680.00
00026             400.00     1680.00
00027             400.00     1680.00
00028             400.00     1680.00
00029             400.00     1680.00
00030               0.00     1680.00
00031             800.00     1680.00
00032             400.00     1680.00
00033               0.00     1680.00
00034             400.00     1680.00
00035             400.00     1680.00
00036             400.00     1680.00
00037             400.00     1680.00
00038               0.00     1680.00
00039             800.00     1680.00
00040               0.00     1680.00
00041             400.00     1680.00
00042             400.00     1760.00
00043               0.00     1680.00
00044             400.00     1680.00
00045               0.00     1680.00
00046             400.00     1680.00
00047               0.00     1680.00
00048               0.00     1680.00
00049             400.00     1680.00
00050               0.00     1680.00
00051             400.00     1680.00
00052             400.00     1680.00
00053             400.00     1680.00
00054             400.00     1680.00
00055             400.00     1680.00
00056             400.00     1680.00
00057             400.00     1680.00
00058               0.00     1680.00
00059               0.00     1680.00
00060               0.00     1680.00
00061             400.00     1680.00
00062             400.00     1680.00
00063             400.00     1760.00
00064               0.00     1680.00
00065             400.00     1680.00
00066               0.00     1680.00
00067             400.00     1680.00
00068             400.00     1680.00
00069               0.00     1680.00
00070             400.00     1680.00
00071             400.00     1680.00
00072             400.00     1680.00
00073             400.00     1680.00
00074             400.00     1680.00
00075             400.00     1680.00
00076             400.00     1920.00
00077               0.00     1680.00
00078             400.00     1760.00
00079             400.00     1680.00
00080             400.00     1680.00
00081             400.00     1680.00
00082             400.00     1600.00
00083             400.00     1680.00
00084             400.00     1680.00
00085             400.00     1680.00
00086               0.00     2560.00
00087             400.00     1680.00
00088             400.00     1680.00
00089             400.00     1680.00
00090               0.00     1680.00
00091             400.00     1680.00
00092               0.00     1680.00
00093             400.00     1680.00
00094             400.00     1680.00
00095             400.00     1680.00
00096             400.00     1680.00
00097               0.00     1680.00
00098             400.00     1680.00
00099             400.00     1680.00
00100             400.00     1680.00
00101             400.00     1680.00
00102             400.00     1680.00
00103             400.00     1760.00
00104             400.00     1680.00
00105             400.00     1680.00
00106             800.00     1680.00
00107             400.00     1680.00
00108             400.00     1680.00
00109             800.00     1680.00
00110             400.00     1680.00
00111             400.00     1680.00
00112             400.00     1600.00
00113               0.00     1600.00
00114             400.00     1680.00
00115             400.00     1600.00
00116               0.00     1600.00
00117             400.00     1680.00
00118             400.00     1600.00
00119               0.00     1680.00
00120               0.00     1600.00
00121             400.00     1680.00
00122               0.00     1760.00
00123             400.00     1680.00
00124             400.00     1680.00
00125             400.00     1680.00
00126             400.00     1680.00
00127             400.00     1680.00
00128             400.00     1680.00
00129             400.00     1680.00
00130               0.00     1680.00
00131             400.00     1680.00
00132             400.00     1680.00
00133             400.00     1680.00
00134             400.00     1680.00
00135             400.00     1680.00
00136             400.00     1680.00
00137               0.00     1680.00
00138             400.00     1680.00
00139             400.00     1600.00
00140             400.00     1680.00
00141             400.00     1680.00
00142             800.00     1680.00
00143             400.00     1680.00
00144             400.00     1680.00
00145               0.00     1680.00
00146             400.00     1680.00
00147             400.00     1680.00
00148             400.00     1600.00
00149               0.00     1600.00
00150               0.00     1680.00
00151               0.00     1600.00
00152             400.00     1600.00
00153               0.00     1680.00
00154             400.00     1680.00
00155               0.00     1680.00
00156             400.00     1680.00
00157             400.00     1600.00
00158             400.00     1680.00
00159             400.00     1680.00
00160             400.00     1680.00
00161               0.00     1680.00
00162             400.00     1680.00
00163             400.00     1680.00
00164               0.00     1680.00
00165               0.00     1680.00
00166             400.00     1680.00
00167             400.00     1760.00
00168               0.00     1680.00
00169             400.00     1680.00
00170             400.00     1680.00
00171             400.00     1600.00
00172               0.00     1680.00
00173             400.00     1680.00
00174             400.00     1680.00
00175             400.00     1680.00
00176               0.00     1680.00
00177             400.00     1680.00
00178             400.00     1680.00
00179             400.00      960.00
00180               0.00     1680.00
00181             400.00     1600.00
00182             400.00     1680.00
00183               0.00     1680.00
00184             400.00     1680.00
00185               0.00     1600.00
00186             400.00     1680.00
00187             400.00     1600.00
00188             400.00     1680.00
00189             400.00     1600.00
00190             400.00     1680.00
00191               0.00     1680.00
00192             400.00     1680.00
00193             400.00     1680.00
00194               0.00     1680.00
00195             400.00     1680.00
00196             400.00     1680.00
00197             400.00     1680.00
00198             400.00     1760.00
00199             400.00     1680.00
00200             400.00     1680.00
00201             400.00     1680.00
00202             400.00     1680.00
00203               0.00     1680.00
00204             400.00     1680.00
00205             400.00     1680.00
00206             400.00     1680.00
00207             400.00     1680.00
00208             400.00     1680.00
00209               0.00     1680.00
00210             400.00     1680.00
00211             400.00     1680.00
00212             400.00     1760.00
00213               0.00     1760.00
00214             400.00     1680.00
00215             400.00     1680.00
00216               0.00     1680.00
00217               0.00     1600.00
00218             400.00     1600.00
00219               0.00     1600.00
00220             400.00     1600.00
00221             400.00     1680.00
00222               0.00     1680.00
00223               0.00     1200.00
00224             400.00     1680.00
00225             400.00     1680.00
00226             400.00     1600.00
00227             400.00     1680.00
00228             400.00     1680.00
00229               0.00     1680.00
00230             400.00     1760.00
00231               0.00     1760.00
00232             400.00     1760.00
00233             400.00     1600.00
00234             400.00     1680.00
00235             400.00     1680.00
00236             400.00     1680.00
00237             400.00     1680.00
00238             400.00     1600.00
00239             400.00     1680.00
00240             400.00     1680.00
00241             400.00     1600.00
00242             400.00     1760.00
00243             400.00     1680.00
00244             800.00     1760.00
00245             400.00     1680.00
00246             400.00     1680.00
00247             400.00     1680.00
00248             400.00     1600.00
00249             400.00     1680.00
00250             400.00     1680.00
00251             400.00     1600.00
00252             400.00     1600.00
00253             400.00     1600.00
00254             400.00     1680.00
00255             400.00     1760.00
00256               0.00     1680.00
00257               0.00     1600.00
00258             400.00     1680.00
00259             400.00     1680.00
00260             400.00     1680.00
00261             400.00     1680.00
00262             400.00     1760.00
00263               0.00     1680.00
00264             400.00     1680.00
00265               0.00     1760.00
00266               0.00     1680.00
00267               0.00     1680.00
00268               0.00     1680.00
00269               0.00     1680.00
00270             400.00     1680.00
00271               0.00     1680.00
00272             400.00     1680.00
00273             400.00     1680.00
00274               0.00     1680.00
00275             400.00     1680.00
00276               0.00     1680.00
00277             400.00     1760.00
00278             400.00     1680.00
00279             400.00     1680.00
00280             400.00     1680.00
00281             400.00     1680.00
00282               0.00     1680.00
00283               0.00     1680.00
00284               0.00     1680.00
00285             400.00     1680.00
00286               0.00     1680.00
00287             400.00     1680.00
00288             400.00     1680.00
00289               0.00     1680.00
00290             400.00     1680.00
00291             400.00     1680.00
00292             400.00     1680.00
00293             400.00     1680.00
00294               0.00     1760.00
00295             400.00     1680.00
00296             400.00     1680.00
00297             400.00     1760.00
00298               0.00     1600.00
00299               0.00     1760.00
00300             400.00     1680.00
00301               0.00     1680.00
00302             400.00     1680.00
00303             400.00     1680.00
00304             400.00     1680.00
00305             400.00     1680.00
00306             400.00     1680.00
00307             400.00     1680.00
00308             400.00     1680.00
00309             400.00     1680.00
00310             400.00     1680.00
00311             400.00     1680.00
00312             400.00     1760.00
00313             400.00     1680.00
00314               0.00     1680.00
00315             400.00     1680.00
00316             400.00     2080.00
00317             400.00     1680.00
00318             400.00     1680.00
00319             400.00     1680.00
00320             400.00     1680.00
00321             800.00     1760.00
00322             400.00     1680.00
00323               0.00     1680.00
00324             400.00     1680.00
00325             400.00     1680.00
00326             400.00     2560.00
00327             400.00     1680.00
00328               0.00     1680.00
00329               0.00     1760.00
00330             400.00     1680.00
00331               0.00     1680.00
00332             400.00     1680.00
00333             400.00     1680.00
00334             400.00     1680.00
00335               0.00     1680.00
00336               0.00     1760.00
00337             400.00     1680.00
00338               0.00     1680.00
00339             400.00     1680.00
00340             400.00     1680.00
00341             400.00     1680.00
00342             400.00     1600.00
00343             400.00     1680.00
00344             400.00     1680.00
00345               0.00     1680.00
00346             400.00     1680.00
00347             400.00     1680.00
00348             400.00     1680.00
00349               0.00     1680.00
00350             400.00     1680.00
00351             400.00     1680.00
00352             400.00     1680.00
00353             400.00     1680.00
00354             400.00     1680.00
00355               0.00     1680.00
00356               0.00     1680.00
00357               0.00     1680.00
00358             400.00     1760.00
00359             400.00     1680.00
00360             400.00     1760.00
00361             400.00     1680.00
00362               0.00     1680.00
00363             400.00     1680.00
00364               0.00     1680.00
00365             400.00     1680.00
00366               0.00     1760.00
00367               0.00     1680.00
00368             400.00     1680.00
00369             400.00     1680.00
00370             400.00     1680.00
00371             400.00     1680.00
00372             400.00     1680.00
00373             400.00     1680.00
00374             400.00     1680.00
00375             400.00     1760.00
00376             400.00     1680.00
00377               0.00     1600.00
00378               0.00     1680.00
00379               0.00     1680.00
00380             400.00     1680.00
00381               0.00     1760.00
00382               0.00     1680.00
00383             400.00     1680.00
00384             400.00     1680.00
00385               0.00     1680.00
00386               0.00     1680.00
00387             400.00     1600.00
00388               0.00     1680.00
00389               0.00     1680.00
00390             400.00     1680.00
00391             400.00     1680.00
00392             400.00     1680.00
00393             400.00     1760.00
00394             400.00     1680.00
00395             400.00     1680.00
00396             400.00     1680.00
00397             400.00     1600.00
00398             400.00     1680.00
00399             400.00     1680.00
00400             400.00     1680.00
00401             400.00     1760.00
00402               0.00     1680.00
00403             400.00     1680.00
00404             400.00     1680.00
00405             400.00     1680.00
00406               0.00     1760.00
00407               0.00     1680.00
00408             400.00     1680.00
00409             400.00     1760.00
00410               0.00     1680.00
00411             400.00     1760.00
00412             400.00     1680.00
00413             400.00     1680.00
00414             400.00     1680.00
00415             400.00     1680.00
00416             400.00     1680.00
00417               0.00     1680.00
00418               0.00     1600.00
00419             400.00      960.00
00420               0.00     1760.00
00421               0.00     1600.00
00422             400.00     1680.00
00423               0.00     1680.00
00424               0.00     1760.00
00425             400.00     1680.00
00426               0.00     1760.00
00427             400.00     1680.00
00428             400.00     1680.00
00429             400.00     1520.00
00430             400.00     1680.00
00431               0.00     1680.00
00432             400.00     1680.00
00433               0.00     1680.00
00434             400.00     1680.00
00435             400.00     1680.00
00436               0.00     1680.00
00437             400.00     1680.00
00438               0.00     1760.00
00439             400.00     1680.00
00440             400.00     1680.00
00441             400.00     1680.00
00442             800.00     1680.00
00443               0.00     1680.00
00444             400.00     1760.00
00445             400.00     1680.00
00446               0.00     1680.00
00447             400.00     1680.00
00448             400.00     1680.00
00449             400.00     1680.00
00450               0.00     1680.00
00451             400.00     1760.00
00452             400.00     1680.00
00453             400.00     1680.00
00454             400.00     1680.00
00455             400.00     1680.00
00456             400.00     1760.00
00457             400.00     1680.00
00458             400.00     1760.00
00459             400.00     1760.00
00460             400.00     1760.00
00461             400.00     1760.00
00462             400.00     1760.00
00463               0.00      800.00
00464             400.00     1680.00
00465             400.00     1680.00
00466             400.00     1680.00
00467             400.00     1760.00
00468             400.00     1760.00
00469             400.00     1680.00
00470               0.00     1680.00
00471               0.00     1680.00
00472             400.00     1680.00
00473             400.00     1680.00
00474             400.00     1680.00
00475               0.00     1760.00
00476               0.00     1680.00
00477             400.00     1680.00
00478             400.00     1760.00
00479             400.00     1680.00
00480             400.00     1680.00
00481               0.00     1680.00
00482             400.00     1680.00
00483               0.00     1680.00
00484               0.00     1680.00
00485             400.00     1680.00
00486             400.00     1680.00
00487             400.00     1680.00
00488             400.00     1680.00
00489             400.00     1680.00
00490               0.00     1680.00
00491             400.00     1600.00
00492             400.00     1760.00
00493               0.00     1680.00
00494             800.00     1760.00
00495             400.00     1760.00
00496             400.00     1760.00
00497             400.00     1680.00
00498             400.00     1680.00
00499               0.00     1680.00
00500               0.00     1680.00
00501             800.00     1680.00
00502             400.00     1680.00
00503             400.00     1600.00
00504               0.00     1760.00
00505             400.00     1680.00
00506               0.00     1680.00
00507             400.00     1680.00
00508             400.00     1680.00
00509             400.00     1680.00
00510               0.00     1680.00
00511             400.00     1680.00
00512               0.00     1680.00
00513             400.00     1680.00
00514             400.00     1680.00
00515             400.00     1600.00
00516             400.00     1680.00
00517             400.00     1600.00
00518             400.00     1600.00
00519             400.00     1680.00
00520             400.00     1760.00
00521             400.00     1680.00
00522             400.00     1760.00
00523             400.00     1760.00
00524               0.00     1680.00
00525               0.00     1760.00
00526             400.00     1680.00
00527               0.00     1680.00
00528               0.00     1760.00
00529               0.00     1760.00
00530               0.00     1680.00
00531             400.00     1680.00
00532             400.00     1600.00
00533             400.00     1680.00
00534               0.00     1680.00
00535             400.00     1680.00
00536             400.00     1680.00
00537             400.00     1680.00
00538               0.00     1680.00
00539             400.00     1680.00
00540             400.00     1680.00
00541             400.00     1680.00
00542             400.00     1760.00
00543             400.00     1680.00
00544             400.00     1760.00
00545             400.00     1680.00
00546             400.00     1680.00
00547             400.00     1680.00
00548             400.00     1680.00
00549               0.00     1680.00
00550             400.00     1680.00
00551             400.00     1680.00
00552             400.00     1680.00
00553             400.00     1600.00
00554             400.00     1680.00
00555             400.00     1680.00
00556             400.00     2640.00
00557               0.00     1680.00
00558             400.00     1760.00
00559               0.00     1680.00
00560             400.00     1680.00
00561             400.00     1760.00
00562             400.00     1760.00
00563             400.00     1680.00
00564             400.00     1680.00
00565               0.00     1760.00
00566               0.00     2320.00
00567               0.00     1760.00
00568             400.00     1680.00
00569             400.00     1680.00
00570             400.00     1680.00
00571             400.00     1680.00
00572               0.00     1680.00
00573             400.00     1680.00
00574             400.00     1680.00
00575             400.00     1680.00
00576             400.00     1680.00
00577             400.00     1680.00
00578             400.00     1680.00
00579               0.00     1680.00
00580             400.00     1680.00
00581             400.00     1680.00
00582             400.00     1680.00
00583             400.00     1680.00
00584             400.00     1680.00
00585             400.00     1680.00
00586             400.00     1680.00
00587             400.00     1680.00
00588             400.00     1680.00
00589             400.00     1680.00
00590             400.00     1680.00
00591             800.00     1680.00
00592             400.00     1680.00
00593             400.00     1680.00
00594             400.00     1680.00
00595               0.00     1680.00
00596               0.00     1680.00
00597             400.00     1680.00
00598             800.00     1760.00
00599             400.00     1600.00
00600             400.00     1760.00
00601             400.00     1680.00
00602               0.00     1760.00
00603               0.00     1760.00
00604             400.00     1600.00
00605             400.00     1680.00
00606             400.00     1680.00
00607             400.00     1680.00
00608             400.00     1680.00
00609             400.00     1680.00
00610             400.00     1680.00
00611             400.00     1760.00
00612             400.00     1680.00
00613             400.00     1680.00
00614             400.00     1680.00
00615               0.00     1680.00
00616             400.00     1680.00
00617             400.00     1680.00
00618             400.00     1680.00
00619             400.00     1680.00
00620               0.00     1760.00
00621             400.00     1760.00
00622               0.00     1680.00
00623             400.00     1600.00
00624               0.00     1680.00
00625               0.00     1760.00
00626             400.00     1760.00
00627               0.00     1760.00
00628               0.00     1760.00
00629               0.00     1680.00
00630               0.00     1760.00
00631               0.00     1760.00
00632             400.00     1680.00
00633             400.00     1680.00
00634             400.00     1680.00
00635             400.00     1680.00
00636             400.00     1680.00
00637               0.00     1760.00
00638             400.00     1680.00
00639               0.00     1680.00
00640             800.00     1680.00
00641             400.00     1680.00
00642             400.00     1760.00
00643             400.00     1680.00
00644             400.00     1680.00
00645             400.00     1680.00
00646               0.00     1680.00
00647               0.00     1680.00
00648             400.00     1680.00
00649             400.00     1680.00
00650             400.00     1680.00
00651             400.00     1680.00
00652             400.00     1680.00
00653             400.00     1680.00
00654             400.00     1680.00
00655             400.00     1680.00
00656             400.00     1680.00
00657               0.00     1680.00
00658             400.00     1680.00
00659               0.00     1200.00
00660             400.00     1760.00
00661             400.00     1760.00
00662             400.00     1760.00
00663             400.00     1760.00
00664               0.00     1680.00
00665               0.00     1680.00
00666             400.00     1680.00
00667             400.00     1680.00
00668             400.00     1680.00
00669             400.00     1600.00
00670             400.00     1680.00
00671               0.00     1680.00
00672             400.00     1680.00
00673               0.00     1680.00
00674             400.00     1600.00
00675             400.00     1680.00
00676             400.00     1600.00
00677             400.00     1680.00
00678             400.00     1600.00
00679               0.00     1680.00
00680             800.00     1680.00
00681             400.00     1680.00
00682               0.00     1680.00
00683               0.00     1680.00
00684             400.00     1680.00
00685             400.00     1680.00
00686             400.00     1760.00
00687             800.00     1680.00
00688             400.00     1680.00
00689             400.00     1680.00
00690             400.00     1680.00
00691             400.00     1680.00
00692             400.00     1760.00
00693             400.00     1760.00
00694               0.00     1680.00
00695             400.00     1760.00
00696             400.00     1680.00
00697             400.00     1760.00
00698             400.00     1680.00
00699             400.00     1760.00
00700               0.00     1680.00
00701             400.00     1680.00
00702             400.00     1680.00
00703               0.00      800.00
00704             400.00     1680.00
00705             400.00     1680.00
00706             400.00     1680.00
00707               0.00     1680.00
00708             400.00     1600.00
00709               0.00     1680.00
00710             400.00     1680.00
00711             400.00     1600.00
00712             400.00     1680.00
00713               0.00     1680.00
00714             400.00     1680.00
00715             400.00     1760.00
00716             400.00     1680.00
00717             400.00     1680.00
00718             400.00     1680.00
00719             400.00     1680.00
00720               0.00     1680.00
00721             400.00     1680.00
00722             800.00     1680.00
00723               0.00     1680.00
00724             400.00     1600.00
00725             400.00     1680.00
00726             400.00     1680.00
00727             400.00     1680.00
00728             400.00     1760.00
00729             400.00     1680.00
00730             400.00     1760.00
00731             400.00     1680.00
00732             400.00     1680.00
00733             400.00     1760.00
00734             400.00     1760.00
00735             400.00     1680.00
00736             400.00     1760.00
00737               0.00     1600.00
00738             400.00     1680.00
00739               0.00     1680.00
00740             400.00     1680.00
00741             400.00     1680.00
00742             400.00     1760.00
00743             400.00     1680.00
00744             400.00     1680.00
00745               0.00     1680.00
00746               0.00     1760.00
00747             400.00     1680.00
00748             400.00     1680.00
00749               0.00     1680.00
00750             400.00     1680.00
00751             400.00     1760.00
00752             400.00     1680.00
00753               0.00     1680.00
00754               0.00     1680.00
00755             400.00     1680.00
00756             400.00     1680.00
00757             400.00     1680.00
00758             400.00     1680.00
00759             400.00     1680.00
00760             400.00     1680.00
00761             400.00     1680.00
00762             400.00     1760.00
00763             400.00     1760.00
00764             400.00     1680.00
00765               0.00     1680.00
00766             400.00     1680.00
00767             400.00     1680.00
00768             400.00     1680.00
00769               0.00     1760.00
00770               0.00     1680.00
00771             400.00     1600.00
00772             400.00     1680.00
00773             400.00     1680.00
00774             400.00     1760.00
00775             400.00     1760.00
00776               0.00     1760.00
00777               0.00     1680.00
00778               0.00     1680.00
00779             400.00     1680.00
00780             400.00     1680.00
00781               0.00     1680.00
00782               0.00     1680.00
00783             400.00     1680.00
00784             400.00     1680.00
00785             400.00     1680.00
00786             400.00     1680.00
00787               0.00     1680.00
00788               0.00     1680.00
00789             400.00     1680.00
00790               0.00     1760.00
00791             400.00     1760.00
00792               0.00     1680.00
00793             400.00     1680.00
00794             400.00     1680.00
00795               0.00     1680.00
00796               0.00     2560.00
00797               0.00     1680.00
00798             800.00     1760.00
00799               0.00     1680.00
00800             400.00     1680.00
00801               0.00     1680.00
00802             400.00     1760.00
00803               0.00     1600.00
00804             400.00     1680.00
00805             400.00     1680.00
00806             400.00     2160.00
00807             400.00     1680.00
00808             400.00     1680.00
00809             400.00     1680.00
00810             400.00     1760.00
00811               0.00     1760.00
00812               0.00     1680.00
00813             400.00     1680.00
00814             400.00     1680.00
00815               0.00     1680.00
00816               0.00     1680.00
00817               0.00     1680.00
00818               0.00     1680.00
00819             400.00     1600.00
00820               0.00     1680.00
00821               0.00     1680.00
00822               0.00     1680.00
00823             400.00     1680.00
00824               0.00     1680.00
00825             400.00     1680.00
00826             400.00     1680.00
00827               0.00     1680.00
00828               0.00     1680.00
00829               0.00     1680.00
00830               0.00     1680.00
00831             400.00     1760.00
00832               0.00     1680.00
00833             400.00     1680.00
00834               0.00     1680.00
00835               0.00     1760.00
00836             400.00     1680.00
00837             400.00     1600.00
00838             400.00     1680.00
00839               0.00     1600.00
00840             400.00     1680.00
00841               0.00     1680.00
00842               0.00     1680.00
00843               0.00     1680.00
00844             400.00     1680.00
00845             400.00     1680.00
00846             400.00     1680.00
00847             400.00     1680.00
00848             400.00     1680.00
00849             400.00     1760.00
00850               0.00     1680.00
00851             400.00     1680.00
00852             400.00     1680.00
00853               0.00     1680.00
00854             400.00     1680.00
00855             400.00     1680.00
00856               0.00     1680.00
00857             400.00     1680.00
00858               0.00     1760.00
00859               0.00     1760.00
00860             400.00     1760.00
00861             400.00     1680.00
00862               0.00     1680.00
00863             400.00     1680.00
00864             400.00     1680.00
00865             400.00     1680.00
00866             400.00     1680.00
00867               0.00     1680.00
00868             400.00     1760.00
00869             400.00     1680.00
00870             400.00     1680.00
00871               0.00     1680.00
00872               0.00     1760.00
00873               0.00     1760.00
00874             400.00     1760.00
00875             400.00     1920.00
00876               0.00     1280.00
00877             400.00     2080.00
00878               0.00     1680.00
00879               0.00     1360.00
00880               0.00     2000.00
00881             400.00     1360.00
00882             400.00     1600.00
00883             400.00     1680.00
00884               0.00     1440.00
00885               0.00     1760.00
00886               0.00     2000.00
00887               0.00     1280.00
00888             400.00     1760.00
00889             400.00     1760.00
00890               0.00     1280.00
00891               0.00     2000.00
00892             400.00     1680.00
00893             400.00     1280.00
00894             400.00     2080.00
00895             400.00     1600.00
00896             400.00     1360.00
00897             800.00     2080.00
00898               0.00     1680.00
00899             400.00     1600.00
00900             400.00     2080.00
00901             400.00     1280.00
00902             400.00     1600.00
00903               0.00     2000.00
00904             400.00     1280.00
00905               0.00     1840.00
00906               0.00     1920.00
00907             400.00     1360.00
00908             400.00     2000.00
00909               0.00     1760.00
00910             400.00     1440.00
00911               0.00     2000.00
00912             400.00     1360.00
00913               0.00     2080.00
00914               0.00     1360.00
00915             400.00     2080.00
00916               0.00     1200.00
00917               0.00     2000.00
00918             400.00     1440.00
00919             800.00     1840.00
00920             400.00     1600.00
00921             400.00     1760.00
00922             400.00     1840.00
00923             400.00     1520.00
00924             400.00     2000.00
00925             400.00     1440.00
00926               0.00     2000.00
00927             400.00     1280.00
00928             400.00     2080.00
00929               0.00     1280.00
00930             400.00     2080.00
00931             400.00     1440.00
00932               0.00     1920.00
00933             400.00     1520.00
00934             400.00     1840.00
00935             400.00     1760.00
00936               0.00     1440.00
00937               0.00     1920.00
00938             400.00     1360.00
00939             400.00     2080.00
00940             400.00     1200.00
00941             400.00     2000.00
00942             400.00     1280.00
00943               0.00     2080.00
00944             400.00     1280.00
00945             400.00     1920.00
00946             400.00     1680.00
00947             400.00     1600.00
00948             400.00     1920.00
00949             400.00     1600.00
00950             400.00     1680.00
00951               0.00     2000.00
00952               0.00     1440.00
00953             400.00     1600.00
00954               0.00     2000.00
00955               0.00     1360.00
00956             400.00     1680.00
00957             400.00     1920.00
00958             400.00     1360.00
00959             400.00     1840.00
00960             400.00     1920.00
00961             400.00     1360.00
00962             400.00     2000.00
00963               0.00     1680.00
00964               0.00     1280.00
00965               0.00     2080.00
00966             400.00     1360.00
00967             400.00     1440.00
00968             400.00     2160.00
00969             400.00     1360.00
00970             400.00     1760.00
00971             400.00     2080.00
00972             400.00     1360.00
00973             400.00     1760.00
00974             400.00     1840.00
00975               0.00     1200.00
00976               0.00     2080.00
00977               0.00     1840.00
00978             400.00     1120.00
00979             400.00     2240.00
00980             400.00     1440.00
00981               0.00     1280.00
00982               0.00     1840.00
00983             400.00     1680.00
00984             400.00     1920.00
00985               0.00     1280.00
00986             400.00     2160.00
00987               0.00     1280.00
00988             400.00     2240.00
00989             400.00     1200.00
00990               0.00     1840.00
00991               0.00     1440.00
00992             400.00     1920.00
00993               0.00     1680.00
00994             400.00     1440.00
00995             400.00     1840.00
00996             400.00     1600.00
00997               0.00     2000.00
00998             400.00     1280.00
00999             400.00     1680.00
01000             400.00     1200.00
01001               0.00     2160.00
01002             400.00     1360.00
01003             400.00     1920.00
01004             800.00     1360.00
01005             400.00     1680.00
01006             400.00     1360.00
01007               0.00     2000.00
01008             400.00     1680.00
01009             400.00     2000.00
01010             400.00     1440.00
01011               0.00     1920.00
01012             400.00     1440.00
01013             400.00     2000.00
01014             400.00     1760.00
01015             400.00     1920.00
01016             400.00     1600.00
01017               0.00     1760.00
01018             400.00     1760.00
01019             400.00     1440.00
01020             400.00     1760.00
01021             400.00     1840.00
01022             400.00     1440.00
01023             400.00     1760.00
01024               0.00     1760.00
01025               0.00     1440.00
01026             400.00     1920.00
01027             400.00     1760.00
01028             400.00     1440.00
01029             400.00     2000.00
01030             400.00     1600.00
01031             400.00     1360.00
01032             400.00     2080.00
01033             400.00     1360.00
01034               0.00     1600.00
01035             400.00     2160.00
01036             400.00     1280.00
01037             400.00     1920.00
01038             400.00     2000.00
01039             400.00     1600.00
01040             400.00     2000.00
01041             400.00     1440.00
01042             400.00     1120.00
01043             400.00     2240.00
01044             400.00     1680.00
01045               0.00     1120.00
01046             400.00     2320.00
01047             400.00     1200.00
01048               0.00     1680.00
01049               0.00     2320.00
01050             400.00     1040.00
01051             400.00     2240.00
01052               0.00     1440.00
01053               0.00     1760.00
01054             400.00     1680.00
01055             400.00     1600.00
01056             400.00     2080.00
01057             400.00     1680.00
01058               0.00     2240.00
01059             400.00     1440.00
01060               0.00     2240.00
01061             400.00     1120.00
01062             400.00     2240.00
01063             400.00     1680.00
01064             400.00     2240.00
01065               0.00     1280.00
01066             400.00     1760.00
01067               0.00     1280.00
01068             400.00     2160.00
01069               0.00     1120.00
01070             400.00     2080.00
01071               0.00     1360.00
01072             800.00     1680.00
01073               0.00     1600.00
01074             400.00     1760.00
01075             400.00     1680.00
01076             400.00     1520.00
01077             400.00     2000.00
01078             400.00     1360.00
01079             400.00     2000.00
01080               0.00     1440.00
01081             400.00     1680.00
01082             400.00     1520.00
01083             400.00     1840.00
01084             400.00     1680.00
01085             400.00     1760.00
01086               0.00     1680.00
01087             400.00     1760.00
01088             400.00     1680.00
01089             400.00     1600.00
01090               0.00     1680.00
01091             400.00     1600.00
01092             400.00     1760.00
01093             400.00     1840.00
01094             400.00     1440.00
01095             400.00     2000.00
01096             400.00     1600.00
01097             400.00     1360.00
01098               0.00     2000.00
01099               0.00     1360.00
01100             400.00     2160.00
01101             800.00     1360.00
01102             800.00     1920.00
01103               0.00     2000.00
01104             400.00     1200.00
01105             400.00     2080.00
01106             400.00     1680.00
01107             400.00     1120.00
01108               0.00     2320.00
01109             400.00     1360.00
01110               0.00     1440.00
01111             400.00     2400.00
01112               0.00     1280.00
01113             400.00     2080.00
01114             400.00     2160.00
01115             400.00     1680.00
01116             400.00     1920.00
01117               0.00     1440.00
01118             400.00     1040.00
01119               0.00     2320.00
01120             400.00     1520.00
01121               0.00     1600.00
01122             400.00     1920.00
01123               0.00     1040.00
01124             400.00     1760.00
01125               0.00      960.00
01126             400.00     2320.00
01127             400.00      960.00
01128             400.00     2320.00
01129             800.00     1040.00
01130               0.00     1680.00
01131             400.00     1360.00
01132               0.00     2240.00
01133             400.00     1680.00
01134             400.00     1680.00
01135             400.00     2240.00
01136               0.00     1360.00
01137               0.00     2080.00
01138             400.00     1120.00
01139             400.00     1760.00
01140             400.00     1280.00
01141             400.00     2240.00
01142               0.00     1680.00
01143             400.00     1920.00
01144             400.00     1840.00
01145             400.00     1520.00
01146             400.00     2000.00
01147               0.00     1360.00
01148             400.00     1680.00
01149               0.00     1680.00
01150             400.00     1920.00
01151             400.00     1680.00
01152               0.00     1920.00
01153             400.00     1520.00
01154             400.00     1840.00
01155             400.00     1600.00
01156               0.00     1760.00
01157             400.00     1680.00
01158               0.00     1760.00
01159               0.00     1680.00
01160             400.00     1760.00
01161               0.00     1520.00
01162             400.00     1840.00
01163             400.00     1600.00
01164             400.00     1600.00
01165               0.00     2000.00
01166             400.00     1520.00
01167               0.00     1760.00
01168             400.00     2160.00
01169               0.00     1280.00
01170             400.00     1760.00
01171             400.00     1600.00
01172               0.00     1360.00
01173             400.00     2320.00
01174             400.00     1040.00
01175             400.00     2320.00
01176               0.00     1280.00
01177             400.00     1360.00
01178             400.00     2400.00
01179             400.00     1360.00
01180             400.00     1920.00
01181             400.00     2320.00
01182             400.00     1600.00
01183             400.00     1760.00
01184             400.00     1600.00
01185             400.00     1040.00
01186             400.00     2320.00
01187               0.00     1760.00
01188               0.00     1040.00
01189             400.00     2400.00
01190               0.00     1200.00
01191               0.00     1760.00
01192               0.00     2320.00
01193             400.00     1200.00
01194             400.00     2320.00
01195             400.00      800.00
01196             400.00     2560.00
01197             400.00     1760.00
01198             400.00     2400.00
01199             400.00      880.00
01200             400.00     1680.00
01201               0.00     1040.00
01202               0.00     1600.00
01203             400.00     1440.00
01204               0.00     2160.00
01205               0.00     1760.00
01206             400.00     1760.00
01207               0.00     2320.00
01208             400.00     1120.00
01209               0.00     1760.00
01210             400.00     1040.00
01211             400.00     1920.00
01212             400.00     1520.00
01213             400.00     2000.00
01214             400.00     2080.00
01215             400.00     1680.00
01216               0.00     2160.00
01217             400.00     1120.00
01218             400.00     1600.00
01219             400.00     1440.00
01220               0.00     2000.00
01221             400.00     1520.00
01222             400.00     1680.00
01223             400.00     1680.00
01224               0.00     1680.00
01225             400.00     1760.00
01226               0.00     1680.00
01227               0.00     1760.00
01228             400.00     1760.00
01229             400.00     1440.00
01230             400.00     1760.00
01231               0.00     1680.00
01232             400.00     1760.00
01233             400.00     1680.00
01234             400.00     1600.00
01235             400.00     2080.00
01236             400.00     1600.00
01237             400.00     1360.00
01238             400.00     2080.00
01239               0.00     1280.00
01240               0.00     1520.00
01241             400.00     2160.00
01242             400.00     1280.00
01243             400.00     2400.00
01244               0.00     1360.00
01245             400.00     1920.00
01246             400.00     1920.00
01247             400.00     1440.00
01248               0.00     2480.00
01249             400.00     1440.00
01250             800.00     1200.00
01251             400.00     2240.00
01252               0.00      800.00
01253             400.00     1680.00
01254             400.00     2320.00
01255             400.00      720.00
01256             400.00     2640.00
01257             400.00     1600.00
01258             400.00     1680.00
01259             400.00     2560.00
01260               0.00      800.00
01261             400.00     1840.00
01262             800.00     2560.00
01263             400.00      720.00
01264               0.00     1600.00
01265               0.00      640.00
01266             400.00     2640.00
01267             400.00     1680.00
01268             400.00     2400.00
01269               0.00      800.00
01270             400.00     2480.00
01271             400.00      720.00
01272               0.00     2480.00
01273               0.00     1680.00
01274               0.00     1680.00
01275             400.00     1840.00
01276             400.00     1680.00
01277             400.00     2160.00
01278             400.00      960.00
01279             400.00     2400.00
01280             400.00     1040.00
01281             400.00     2240.00
01282               0.00     1600.00
01283             400.00     1120.00
01284               0.00     2240.00
01285             400.00     1680.00
01286             400.00     2160.00
01287             400.00     1200.00
01288             800.00     2080.00
01289             400.00     1520.00
01290             400.00     1760.00
01291               0.00     1680.00
01292             400.00     1760.00
01293             400.00     1920.00
01294             400.00     1680.00
01295             400.00     1920.00
01296               0.00     1600.00
01297             400.00     1440.00
01298             400.00     2080.00
01299             400.00     1840.00
01300               0.00     1680.00
01301             400.00     1760.00
01302             400.00     1520.00
01303               0.00     1920.00
01304               0.00     1440.00
01305             400.00     1840.00
01306             400.00     1280.00
01307             400.00     1840.00
01308             400.00     2000.00
01309             400.00     1600.00
01310             400.00     2320.00
01311               0.00     1600.00
01312             400.00     1360.00
01313             400.00     2480.00
01314             400.00      880.00
01315             400.00     2400.00
01316               0.00     1440.00
01317             400.00     1680.00
01318             400.00     1680.00
01319             400.00      960.00
01320             400.00     2560.00
01321               0.00     1840.00
01322             400.00      800.00
01323               0.00     2640.00
01324               0.00      880.00
01325             400.00     1680.00
01326             400.00     2800.00
01327             400.00      640.00
01328             400.00     2400.00
01329             400.00     2240.00
01330             400.00      640.00
01331             400.00     3040.00
01332             400.00      720.00
01333               0.00     1840.00
01334               0.00     1760.00
01335             400.00      560.00
01336             400.00     2560.00
01337             400.00      640.00
01338               0.00     2720.00
01339               0.00      720.00
01340             400.00     1840.00
01341               0.00     1280.00
01342             400.00     2000.00
01343             400.00     1760.00
01344             400.00     1440.00
01345               0.00     2640.00
01346               0.00      800.00
01347             400.00     2640.00
01348             400.00     1040.00
01349               0.00     1920.00
01350             400.00     2400.00
01351             400.00      880.00
01352             400.00     2000.00
01353             400.00     1360.00
01354             400.00     1120.00
01355             400.00     2080.00
01356             400.00     1680.00
01357               0.00     1120.00
01358             400.00     1600.00
01359             800.00     1200.00
01360             400.00     2240.00
01361               0.00     1680.00
01362               0.00     2080.00
01363             400.00     1360.00
01364             400.00     2080.00
01365             400.00     1360.00
01366               0.00     2080.00
01367             400.00     1680.00
01368             400.00     1680.00
01369             400.00     1600.00
01370             400.00     1680.00
01371             400.00     1280.00
01372               0.00     2240.00
01373             400.00     1120.00
01374               0.00     2240.00
01375               0.00     1360.00
01376               0.00     1680.00
01377               0.00     1360.00
01378               0.00     1600.00
01379             400.00     2320.00
01380               0.00     1440.00
01381             400.00     1840.00
01382             400.00     2000.00
01383             400.00      800.00
01384             400.00     2400.00
01385               0.00     1280.00
01386             400.00     2000.00
01387               0.00     1760.00
01388               0.00     1120.00
01389             400.00     2720.00
01390             400.00      560.00
01391               0.00     2000.00
01392             400.00     2320.00
01393             400.00      640.00
01394             400.00     2720.00
01395               0.00     1680.00
01396             400.00      880.00
01397             400.00     2640.00
01398             400.00     1920.00
01399               0.00     1440.00
01400               0.00     2800.00
01401             400.00     1680.00
01402             400.00     1920.00
01403             400.00     1120.00
01404             400.00     1360.00
01405               0.00     2720.00
01406             400.00      400.00
01407             400.00     2160.00
01408             400.00      480.00
01409               0.00     2960.00
01410             400.00      960.00
01411             400.00     2800.00
01412             400.00     1280.00
01413             400.00     2000.00
01414             400.00     1440.00
01415               0.00     1440.00
01416             400.00     2000.00
01417             400.00      720.00
01418               0.00     2480.00
01419             400.00     1200.00
01420               0.00     2640.00
01421             400.00     1120.00
01422             400.00     2080.00
01423             400.00     1360.00
01424             400.00     2320.00
01425             400.00     1440.00
01426               0.00     2400.00
01427             400.00      960.00
01428             400.00     1760.00
01429             400.00     1200.00
01430             400.00     2320.00
01431             400.00     1200.00
01432             400.00     1840.00
01433             400.00     1920.00
01434               0.00     1680.00
01435             400.00     1600.00
01436             400.00     1760.00
01437             400.00     1600.00
01438             400.00     2080.00
01439               0.00     2080.00
01440             400.00     2080.00
01441             400.00     1120.00
01442             400.00     1600.00
01443             400.00     1680.00
01444               0.00     2000.00
01445               0.00     1440.00
01446             400.00     1680.00
01447             400.00     2000.00
01448             400.00     1600.00
01449             400.00     2160.00
01450             400.00      960.00
01451             400.00     1440.00
01452             400.00     1600.00
01453               0.00      800.00
01454             400.00     2240.00
01455               0.00     1040.00
01456               0.00     1280.00
01457             400.00     1760.00
01458             400.00     1120.00
01459             400.00     2640.00
01460               0.00      960.00
01461             400.00     2240.00
01462             400.00     2080.00
01463             400.00      560.00
01464               0.00     2720.00
01465             400.00     2240.00
01466             400.00     1040.00
01467               0.00     3040.00
01468             400.00     1280.00
01469             400.00      880.00
01470             400.00     2640.00
01471               0.00      240.00
01472             400.00     2720.00
01473             400.00     1280.00
01474             400.00      720.00
01475               0.00     2400.00
01476             400.00      400.00
01477             400.00     1760.00
01478             400.00      960.00
01479             400.00     3040.00
01480             400.00      400.00
01481             400.00     3040.00
01482               0.00      560.00
01483             400.00     2720.00
01484             400.00     1040.00
01485               0.00     2240.00
01486             400.00     1280.00
01487             400.00      720.00
01488               0.00     2800.00
01489             400.00      720.00
01490             400.00     2400.00
01491               0.00      880.00
01492             400.00     1440.00
01493             400.00     1120.00
01494             400.00     1680.00
01495             400.00     1920.00
01496               0.00      800.00
01497               0.00     2400.00
01498             400.00      880.00
01499             400.00     2400.00
01500             400.00     1040.00
01501               0.00     1600.00
01502             400.00     1040.00
01503             400.00     2240.00
01504             400.00     1680.00
01505             400.00     1760.00
01506             400.00     1120.00
01507             400.00     2240.00
01508             400.00     1120.00
01509             400.00     1600.00
01510             400.00     1600.00
01511             400.00     2160.00
01512             400.00      960.00
01513               0.00     1760.00
01514             400.00     1920.00
01515               0.00     1840.00
01516             400.00     1680.00
01517             400.00     1440.00
01518             400.00     1920.00
01519               0.00     1680.00
01520               0.00     2400.00
01521               0.00      960.00
01522               0.00     1360.00
01523               0.00     2720.00
01524             400.00      560.00
01525             400.00     2080.00
01526             400.00     1680.00
01527               0.00     1360.00
01528             400.00     2000.00
01529             400.00      880.00
01530             400.00     2880.00
01531             400.00      720.00
01532             400.00     1120.00
01533               0.00     2320.00
01534             400.00      320.00
01535               0.00     2400.00
01536               0.00     2240.00
01537             400.00      800.00
01538               0.00     3120.00
01539               0.00     1360.00
01540             400.00      960.00
01541             400.00     3200.00
01542             400.00      160.00
01543               0.00     2880.00
01544             400.00     1680.00
01545             400.00     1040.00
01546               0.00     2640.00
01547             400.00      240.00
01548               0.00     3120.00
01549             400.00      480.00
01550             400.00     2080.00
01551             400.00      320.00
01552             400.00     3040.00
01553               0.00      960.00
01554             400.00     2640.00
01555               0.00     1600.00
01556               0.00     1120.00
01557             400.00     2640.00
01558             400.00      480.00
01559             400.00     1840.00
01560               0.00      640.00
01561             400.00     2560.00
01562               0.00     2000.00
01563             400.00     2160.00
01564             400.00     1120.00
01565             400.00     1680.00
01566             400.00     2320.00
01567             400.00      880.00
01568             400.00     1600.00
01569             400.00      800.00
01570             800.00     2560.00
01571               0.00     1680.00
01572             400.00     2480.00
01573               0.00      960.00
01574             800.00     2400.00
01575               0.00      960.00
01576             400.00     2400.00
01577               0.00     1680.00
01578             400.00     1920.00
01579             400.00     1840.00
01580             400.00     1680.00
01581             400.00     1920.00
01582             400.00     2000.00
01583             400.00     1040.00
01584               0.00     2560.00
01585             400.00      880.00
01586             400.00     1680.00
01587               0.00      800.00
01588             400.00     2400.00
01589             400.00     1360.00
01590               0.00     1760.00
01591             400.00     1840.00
01592               0.00      800.00
01593               0.00     2400.00
01594             400.00     1920.00
01595             400.00     1680.00
01596             400.00     2960.00
01597               0.00      480.00
01598               0.00     2560.00
01599             400.00     1520.00
01600               0.00     2000.00
01601             400.00     2240.00
01602             400.00      320.00
01603             400.00     2640.00
01604             400.00     1360.00
01605             800.00      800.00
01606             400.00     3280.00
01607             400.00      960.00
01608             400.00     1040.00
01609             400.00     2800.00
01610               0.00       80.00
01611               0.00     1600.00
01612               0.00     2400.00
01613             400.00      720.00
01614             400.00     3200.00
01615             400.00       80.00
01616             400.00     2720.00
01617             400.00     1920.00
01618             400.00     1280.00
01619             400.00     2960.00
01620             400.00     1120.00
01621             400.00     2400.00
01622             400.00     2160.00
01623             400.00     1040.00
01624             400.00     2480.00
01625             800.00      320.00
01626             400.00     2800.00
01627             400.00      720.00
01628             400.00     2160.00
01629               0.00      800.00
01630             400.00     2560.00
01631               0.00     1040.00
01632             400.00     2720.00
01633             400.00      560.00
01634               0.00     2880.00
01635               0.00     1520.00
01636             400.00     2720.00
01637             400.00      800.00
01638             400.00     1680.00
01639             400.00     1120.00
01640             400.00     2560.00
01641             400.00      800.00
01642             800.00     2320.00
01643             400.00     1280.00
01644             400.00     1680.00
01645             400.00     1600.00
01646             400.00     1440.00
01647               0.00     1680.00
01648               0.00     2560.00
01649             400.00     1200.00
01650             400.00     1760.00
01651             400.00     2240.00
01652             800.00     2400.00
01653             400.00     1680.00
01654               0.00     2320.00
01655             400.00     1920.00
01656             400.00     1680.00
01657             400.00     2160.00
01658               0.00     1520.00
01659             400.00     2240.00
01660             400.00      880.00
01661               0.00     2560.00
01662             400.00     1680.00
01663               0.00     2160.00
01664             400.00     2320.00
01665               0.00      320.00
01666             400.00     2320.00
01667             400.00     1200.00
01668             400.00     1680.00
01669             800.00     2320.00
01670             800.00      880.00
01671             400.00     2560.00
01672             400.00      240.00
01673               0.00     2000.00
01674             400.00     2480.00
01675               0.00       80.00
01676               0.00     3120.00
01677               0.00     1680.00
01678             400.00      560.00
01679             400.00     3280.00
01680             400.00      400.00
01681             400.00     1040.00
01682             400.00     3040.00
01683             400.00      160.00
01684               0.00     3040.00
01685               0.00      480.00
01686             400.00     1600.00
01687             400.00     1760.00
01688               0.00      320.00
01689               0.00     3040.00
01690               0.00      240.00
01691             400.00     3200.00
01692               0.00      640.00
01693             400.00     2640.00
01694             400.00     1760.00
01695             400.00     1440.00
01696             400.00     1760.00
01697             400.00      160.00
01698               0.00     2560.00
01699             400.00      480.00
01700             400.00     3040.00
01701               0.00      320.00
01702             400.00     2720.00
01703               0.00      400.00
01704             400.00     3040.00
01705             400.00     2000.00
01706               0.00     2400.00
01707               0.00      960.00
01708             400.00     1920.00
01709               0.00     1840.00
01710             400.00     1840.00
01711             400.00     1760.00
01712             400.00     2080.00
01713             400.00     1920.00
01714               0.00     1680.00
01715             400.00     2240.00
01716               0.00     1360.00
01717             400.00     1920.00
01718             400.00     2240.00
01719               0.00      800.00
01720             400.00     1440.00
01721               0.00     2240.00
01722             400.00     1280.00
01723               0.00     1680.00
01724               0.00     2560.00
01725               0.00      960.00
01726             400.00     1440.00
01727             400.00     2240.00
01728               0.00     1280.00
01729               0.00     1680.00
01730             400.00     1120.00
01731               0.00     2640.00
01732             400.00     1360.00
01733             400.00     2560.00
01734             400.00     1520.00
01735             400.00      720.00
01736             400.00     3040.00
01737             400.00     1360.00
01738             400.00     1680.00
01739             400.00     2000.00
01740             400.00      720.00
01741             400.00     3120.00
01742             400.00      400.00
01743             400.00     2320.00
01744             400.00     2480.00
01745             400.00      160.00
01746               0.00     2800.00
01747               0.00      720.00
01748               0.00      640.00
01749             400.00     3280.00
01750               0.00     1040.00
01751               0.00      560.00
01752             400.00     3040.00
01753             400.00       80.00
01754             400.00     1760.00
01755             400.00     1200.00
01756             400.00     2640.00
01757               0.00     2720.00
01758               0.00       80.00
01759             400.00     3280.00
01760               0.00       80.00
01761             400.00     3120.00
01762             400.00      160.00
01763             400.00     2320.00
01764             400.00      480.00
01765             400.00      560.00
01766               0.00     2720.00
01767               0.00     1360.00
01768               0.00     2080.00
01769               0.00     2000.00
01770             400.00     1760.00
01771             400.00     2320.00
01772             400.00      880.00
01773             400.00     2720.00
01774               0.00     1520.00
01775               0.00     2880.00
01776               0.00      400.00
01777             400.00     3040.00
01778             400.00     1600.00
01779               0.00     2960.00
01780             400.00      640.00
01781             400.00     1760.00
01782             400.00      560.00
01783             400.00     2640.00
01784             400.00      640.00
01785               0.00     2640.00
01786               0.00      640.00
01787             400.00     1600.00
01788             400.00     1040.00
01789             400.00     2000.00
01790             400.00     1600.00
01791             400.00      720.00
01792             400.00     1440.00
01793             400.00      640.00
01794             400.00     1840.00
01795             400.00     2480.00
01796             400.00     1680.00
01797             400.00     2880.00
01798             400.00      720.00
01799             400.00     1600.00
01800               0.00      720.00
01801             400.00     2960.00
01802             400.00     1200.00
01803               0.00     1440.00
01804             400.00     2560.00
01805               0.00     1760.00
01806             400.00     2480.00
01807             400.00     2240.00
01808               0.00      320.00
01809               0.00     3200.00
01810             400.00      400.00
01811             400.00     3120.00
01812             400.00     1760.00
01813             400.00      480.00
01814             400.00     2880.00
01815             400.00      480.00
01816             400.00     1600.00
01817               0.00     2880.00
01818             400.00       80.00
01819             400.00     3280.00
01820             400.00     2080.00
01821               0.00     1280.00
01822             400.00     3280.00
01823               0.00       80.00
01824             400.00     2000.00
01825               0.00     2720.00
01826               0.00      320.00
01827             400.00     3280.00
01828             400.00      160.00
01829             400.00     2880.00
01830             400.00     1760.00
01831               0.00     3040.00
01832             400.00       80.00
01833             400.00     3120.00
01834             400.00       80.00
01835             400.00     3120.00
01836             400.00      320.00
01837             400.00     2720.00
01838               0.00      160.00
01839             400.00     2160.00
01840             400.00       80.00
01841               0.00     3120.00
01842               0.00       80.00
01843             400.00     3040.00
01844             400.00      320.00
01845             400.00     1760.00
01846               0.00      560.00
01847             400.00     1360.00
01848             400.00     2000.00
01849             400.00      880.00
01850             400.00     1680.00
01851             400.00      960.00
01852             400.00     2480.00
01853             400.00     1120.00
01854             400.00     1520.00
01855               0.00     1200.00
01856             800.00     2640.00
01857             400.00     1680.00
01858               0.00     1760.00
01859             400.00     2800.00
01860               0.00      640.00
01861             400.00     2480.00
01862             400.00     2480.00
01863             400.00     1600.00
01864               0.00     1360.00
01865               0.00     2960.00
01866             400.00     1680.00
01867               0.00     1040.00
01868             400.00     2240.00
01869               0.00      480.00
01870               0.00     2960.00
01871               0.00      320.00
01872             400.00     1680.00
01873             400.00      320.00
01874               0.00     2640.00
01875             400.00     2320.00
01876               0.00      160.00
01877             400.00     3200.00
01878               0.00     1440.00
01879             400.00     1040.00
01880             400.00     2320.00
01881             400.00     1680.00
01882               0.00     2880.00
01883             400.00      240.00
01884             400.00     1680.00
01885             400.00     2960.00
01886               0.00      560.00
01887               0.00     3200.00
01888             400.00     1840.00
01889             400.00      400.00
01890             400.00     3040.00
01891             400.00       80.00
01892               0.00      960.00
01893               0.00     2880.00
01894               0.00       80.00
01895             400.00     3280.00
01896               0.00      160.00
01897             400.00     1680.00
01898             400.00     2400.00
01899               0.00     1920.00
01900             400.00     1920.00
01901               0.00      480.00
01902             400.00     2560.00
01903               0.00      480.00
01904             400.00     1600.00
01905             400.00     1760.00
01906             400.00     1760.00
01907               0.00     2640.00
01908               0.00       80.00
01909               0.00     2960.00
01910             400.00     2000.00
01911             400.00     1440.00
01912               0.00     2480.00
01913             400.00     1920.00
01914               0.00     2800.00
01915               0.00     1360.00
01916               0.00     3120.00
01917               0.00      480.00
01918             400.00     3200.00
01919             400.00      240.00
01920             800.00     3120.00
01921             400.00     1680.00
01922             400.00     2880.00
01923             400.00      320.00
01924             400.00     1760.00
01925             800.00      400.00
01926               0.00     2880.00
01927             400.00      480.00
01928             400.00     2960.00
01929               0.00     1600.00
01930             400.00     1840.00
01931             400.00     2640.00
01932               0.00      800.00
01933             400.00     1680.00
01934               0.00      960.00
01935               0.00     2720.00
01936             400.00      720.00
01937               0.00     1120.00
01938               0.00     2800.00
01939             400.00     1600.00
01940             400.00     3040.00
01941             400.00      320.00
01942             400.00     1760.00
01943             400.00      960.00
01944             400.00     3040.00
01945             400.00     1360.00
01946             400.00      320.00
01947             400.00     3040.00
01948             400.00     1760.00
01949             400.00     1200.00
01950               0.00     2960.00
01951               0.00      480.00
01952             400.00     3280.00
01953             400.00       80.00
01954             400.00     2320.00
01955             400.00     3040.00
01956             800.00       80.00
01957             400.00     3280.00
01958               0.00      800.00
01959             400.00      400.00
01960             400.00     3280.00
01961               0.00     1600.00
01962               0.00     1680.00
01963             400.00     2800.00
01964             400.00      480.00
01965             400.00     3280.00
01966               0.00       80.00
01967             400.00     2640.00
01968             400.00     2880.00
01969               0.00      720.00
01970             400.00     2880.00
01971             400.00     1680.00
01972             400.00     2240.00
01973               0.00     1600.00
01974             400.00     2560.00
01975               0.00     2080.00
01976             400.00     2080.00
01977               0.00      320.00
01978             400.00     3040.00
01979             400.00      160.00
01980               0.00     2880.00
01981             400.00      320.00
01982             400.00     1920.00
01983             400.00       80.00
01984             400.00     3200.00
01985             400.00       80.00
01986             400.00     2720.00
01987               0.00      720.00
01988             400.00     1680.00
01989             400.00      400.00
01990               0.00     2320.00
01991               0.00     2000.00
01992               0.00     2240.00
01993             400.00      320.00
01994               0.00     2880.00
01995             400.00     1600.00
01996             400.00     1920.00
01997             400.00     1520.00
01998             400.00     3040.00
01999             800.00      480.00
02000             400.00     1760.00
02001             400.00     2400.00
02002               0.00      560.00
02003             400.00     2400.00
02004             400.00     1280.00
02005               0.00     3200.00
02006             400.00     1440.00
02007             400.00     1440.00
02008             400.00     2800.00
02009             400.00     1680.00
02010             400.00     2240.00
02011             400.00      240.00
02012             400.00     2480.00
02013               0.00     2240.00
02014             400.00     1040.00
02015               0.00     1680.00
02016             400.00      320.00
02017               0.00     3040.00
02018             400.00     2400.00
02019             400.00      240.00
02020             400.00     3120.00
02021             800.00      160.00
02022             400.00     3360.00
02023             400.00     1360.00
02024               0.00     1680.00
02025             400.00     2880.00
02026               0.00       80.00
02027             400.00     2160.00
02028               0.00     2880.00
02029             400.00      400.00
02030             400.00     3280.00
02031             400.00     1120.00
02032             400.00      160.00
02033             400.00     3040.00
02034             400.00      160.00
02035             400.00     3200.00
02036             400.00     1920.00
02037             400.00      400.00
02038               0.00     2720.00
02039             400.00      160.00
02040               0.00     1680.00
02041             400.00      160.00
02042             400.00     2880.00
02043             400.00      320.00
02044             400.00     3120.00
02045             400.00      160.00
02046             800.00     3280.00
02047             400.00      320.00
02048             400.00     3280.00
02049             400.00     1680.00
02050             800.00     3200.00
02051             400.00       80.00
02052             400.00     3360.00
02053             400.00      560.00
02054             400.00     2080.00
02055             400.00     2160.00
02056             400.00     2240.00
02057             800.00     2320.00
02058               0.00     1360.00
02059             400.00     3040.00
02060               0.00     1040.00
02061             400.00     2080.00
02062             400.00     1760.00
02063               0.00     1440.00
02064             400.00     1600.00
02065             400.00     1040.00
02066             400.00     1440.00
02067               0.00     1840.00
02068             400.00     1920.00
02069             400.00      320.00
02070             400.00     2720.00
02071             400.00     1280.00
02072               0.00      400.00
02073             400.00     2320.00
02074               0.00     1440.00
02075             400.00     2560.00
02076             400.00     1680.00
02077             400.00      640.00
02078             400.00     2480.00
02079             400.00      240.00
02080             400.00     2960.00
02081             400.00     1680.00
02082             400.00     1680.00
02083               0.00     1920.00
02084             400.00      720.00
02085             400.00     1680.00
02086             400.00       80.00
02087             400.00     3120.00
02088             400.00     2000.00
02089             400.00      240.00
02090             400.00     2880.00
02091             400.00     1680.00
02092             400.00     3360.00
02093               0.00     1120.00
02094             400.00      320.00
02095             400.00     3280.00
02096             400.00       80.00
02097             400.00     2400.00
02098               0.00     2800.00
02099               0.00       80.00
02100             400.00     3360.00
02101               0.00     1440.00
02102             400.00      320.00
02103             400.00     3360.00
02104               0.00      880.00
02105             400.00     2880.00
02106             400.00     2000.00
02107             400.00     1040.00
02108             400.00     3280.00
02109             400.00      160.00
02110             400.00     3280.00
02111               0.00       80.00
02112             400.00     3360.00
02113               0.00        0.00
02114             400.00     3280.00
02115               0.00       80.00
02116             400.00     1600.00
02117             400.00      560.00
02118             400.00     3280.00
02119             400.00      160.00
02120               0.00     2400.00
02121             400.00     1840.00
02122               0.00      800.00
02123               0.00     1360.00
02124               0.00     1120.00
02125             400.00     2320.00
02126             400.00      320.00
02127             400.00     2720.00
02128             400.00      320.00
02129             400.00     3120.00
02130               0.00       80.00
02131             400.00     2880.00
02132               0.00      560.00
02133             400.00     2800.00
02134             400.00     1760.00
02135               0.00     3280.00
02136             400.00      320.00
02137             400.00     3200.00
02138             400.00      240.00
02139             400.00     2080.00
02140               0.00     2560.00
02141               0.00      320.00
02142               0.00     2560.00
02143             400.00     1680.00
02144             400.00      320.00
02145               0.00     2560.00
02146               0.00       80.00
02147             400.00     1120.00
02148             800.00     3120.00
02149             400.00     1680.00
02150             400.00     3280.00
02151             400.00      960.00
02152             400.00     1680.00
02153               0.00     3120.00
02154             400.00      480.00
02155             400.00     3200.00
02156             400.00       80.00
02157               0.00     1760.00
02158               0.00     1680.00
02159               0.00      320.00
02160               0.00     3360.00
02161             400.00     1200.00
02162             400.00     1600.00
02163             400.00     1440.00
02164               0.00      400.00
02165               0.00     3280.00
02166             400.00     1120.00
02167               0.00     1760.00
02168             400.00     2960.00
02169               0.00       80.00
02170               0.00     2720.00
02171             400.00     3040.00
02172             400.00      240.00
02173             400.00     3360.00
02174               0.00      960.00
02175             400.00      560.00
02176               0.00     2400.00
02177             400.00      320.00
02178             400.00     3280.00
02179             400.00       80.00
02180             400.00     2320.00
02181             400.00       80.00
02182               0.00     3280.00
02183             400.00      720.00
02184             400.00     2960.00
02185             400.00      160.00
02186             400.00     3280.00
02187             400.00      800.00
02188             400.00     1440.00
02189             400.00     2960.00
02190             400.00     1120.00
02191             400.00     2880.00
02192             400.00     1680.00
02193               0.00     3280.00
02194             400.00      400.00
02195             400.00     3120.00
02196             400.00       80.00
02197             400.00     3280.00
02198             400.00       80.00
02199             400.00     3280.00
02200             400.00       80.00
02201             400.00      960.00
02202             400.00       80.00
02203             800.00     3120.00
02204             400.00       80.00
02205             400.00     3280.00
02206             400.00       80.00
02207             400.00     1840.00
02208               0.00       80.00
02209               0.00     3200.00
02210             400.00     1760.00
02211               0.00      880.00
02212             400.00     3120.00
02213               0.00      560.00
02214             400.00     2240.00
02215             400.00     3280.00
02216               0.00      320.00
02217             400.00     1920.00
02218             400.00     2960.00
02219             400.00     1680.00
02220               0.00     2160.00
02221            -400.00      800.00
02222             400.00     1280.00
02223             400.00     3200.00
02224               0.00       80.00
02225             400.00     1760.00
02226             400.00      160.00
02227               0.00     2480.00
02228             400.00     1680.00
02229             400.00       80.00
02230             400.00     3360.00
02231             400.00     1440.00
02232             400.00     1120.00
02233             400.00     2240.00
02234             400.00     1680.00
02235             400.00     3280.00
02236               0.00      720.00
02237             400.00     1040.00
02238             400.00     3200.00
02239               0.00       80.00
02240               0.00     2800.00
02241               0.00     2640.00
02242               0.00       80.00
02243             400.00     3360.00
02244               0.00      560.00
02245             400.00     1200.00
02246             400.00     2880.00
02247               0.00       80.00
02248               0.00     3280.00
02249             400.00       80.00
02250               0.00     2880.00
02251             400.00      800.00
02252             400.00     3280.00
02253             400.00      480.00
02254             400.00     2320.00
02255               0.00      400.00
02256             400.00     2080.00
02257               0.00      560.00
02258               0.00     1120.00
02259               0.00     1440.00
02260             400.00      240.00
02261             400.00     3040.00
02262             400.00      160.00
02263             400.00     3280.00
02264             400.00      160.00
02265               0.00     3280.00
02266             400.00       80.00
02267             400.00     3280.00
02268             400.00     1760.00
02269               0.00     3200.00
02270               0.00       80.00
02271               0.00     3120.00
02272               0.00       80.00
02273             400.00     3280.00
02274             400.00      640.00
02275             400.00     3360.00
02276             400.00      720.00
02277             400.00     1040.00
02278               0.00      640.00
02279             400.00     3200.00
02280             400.00      480.00
02281             400.00     1840.00
02282             400.00     3360.00
02283             400.00       80.00
02284             400.00     2320.00
02285             400.00     2160.00
02286             400.00     1600.00
02287             400.00     2560.00
02288             400.00     1680.00
02289             400.00      400.00
02290             400.00     3280.00
02291             400.00      320.00
02292             400.00     2480.00
02293             400.00     2080.00
02294             400.00      240.00
02295             400.00     1760.00
02296             400.00      240.00
02297             400.00     3200.00
02298             400.00     1600.00
02299             400.00      400.00
02300               0.00     3280.00
02301             400.00     1680.00
02302             400.00     2720.00
02303             400.00     1120.00
02304               0.00     1680.00
02305             400.00     3200.00
02306               0.00      160.00
02307               0.00     2880.00
02308             400.00     2560.00
02309             800.00      160.00
02310             400.00     1680.00
02311             400.00      880.00
02312               0.00      560.00
02313               0.00     3280.00
02314             400.00       80.00
02315             400.00     3120.00
02316               0.00     1840.00
02317             400.00      400.00
02318               0.00     3120.00
02319               0.00      160.00
02320             400.00     3280.00
02321             400.00      160.00
02322               0.00     3280.00
02323             400.00        0.00
02324             400.00     3360.00
02325             400.00        0.00
02326               0.00     3360.00
02327             400.00       80.00
02328             400.00     3120.00
02329             400.00     1840.00
02330             400.00      480.00
02331               0.00     3040.00
02332             400.00      160.00
02333             400.00     3200.00
02334               0.00      240.00
02335             400.00     1600.00
02336             400.00       80.00
02337             400.00     3200.00
02338             400.00        0.00
02339             400.00     3360.00
02340               0.00       80.00
02341               0.00     3360.00
02342               0.00       80.00
02343             400.00     3280.00
02344             400.00     1760.00
02345             400.00     3120.00
02346             400.00      160.00
02347               0.00     2640.00
02348             400.00     1760.00
02349             400.00     3280.00
02350               0.00      320.00
02351             400.00     1360.00
02352             400.00     3040.00
02353               0.00      560.00
02354               0.00     2720.00
02355             400.00     2800.00
02356               0.00       80.00
02357             400.00     3280.00
02358             400.00     1440.00
02359             400.00      480.00
02360             400.00     2960.00
02361             400.00       80.00
02362             400.00     1680.00
02363             400.00     1840.00
02364               0.00     1040.00
02365             400.00     3200.00
02366             400.00       80.00
02367             400.00     3040.00
02368             400.00     1600.00
02369             800.00     1120.00
02370             400.00     3200.00
02371             400.00     1680.00
02372             400.00     2240.00
02373             400.00      560.00
02374               0.00     1920.00
02375             400.00     2880.00
02376             400.00       80.00
02377               0.00     1760.00
02378             400.00      720.00
02379             400.00      560.00
02380               0.00     3280.00
02381             400.00      160.00
02382               0.00     2240.00
02383             400.00     2880.00
02384               0.00       80.00
02385             400.00     3360.00
02386               0.00     1120.00
02387             400.00     1920.00
02388               0.00     2880.00
02389             400.00      240.00
02390             400.00     3280.00
02391             400.00       80.00
02392             400.00     3280.00
02393               0.00       80.00
02394             400.00     3360.00
02395             400.00      160.00
02396             400.00     3280.00
02397               0.00       80.00
02398             400.00     3360.00
02399               0.00     1040.00
02400             400.00     2000.00
02401             400.00     2800.00
02402             400.00     1120.00
02403             800.00     3040.00
02404             400.00      400.00
02405             400.00     3200.00
02406               0.00       80.00
02407               0.00     3280.00
02408             400.00       80.00
02409             400.00     3280.00
02410             400.00        0.00
02411               0.00     1600.00
02412             400.00      160.00
02413               0.00     3120.00
02414             400.00      160.00
02415               0.00     3360.00
02416               0.00       80.00
02417             400.00     3280.00
02418               0.00       80.00
02419             400.00     3280.00
02420             400.00     2080.00
02421             400.00      800.00
02422               0.00     3200.00
02423             400.00      320.00
02424             400.00     2640.00
02425             400.00     3040.00
02426             400.00       80.00
02427             400.00     2240.00
02428             400.00      560.00
02429               0.00     1600.00
02430             400.00      560.00
02431               0.00     2560.00
02432             400.00     2400.00
02433             400.00      320.00
02434               0.00     3280.00
02435               0.00      800.00
02436             400.00     1360.00
02437             400.00     3120.00
02438             400.00     1760.00
02439             400.00     3120.00
02440             400.00      880.00
02441             400.00      640.00
02442               0.00     3280.00
02443               0.00      160.00
02444             400.00     1680.00
02445             400.00       80.00
02446             400.00     1520.00
02447               0.00     1760.00
02448             400.00      160.00
02449             400.00     3280.00
02450             400.00     1680.00
02451               0.00      320.00
02452               0.00     3280.00
02453             400.00     1680.00
02454             400.00     1760.00
02455             400.00     2960.00
02456               0.00      160.00
02457               0.00     3280.00
02458             400.00       80.00
02459             400.00     2320.00
02460               0.00     2560.00
02461             400.00      400.00
02462               0.00     2960.00
02463             400.00      320.00
02464             400.00     3120.00
02465             400.00      400.00
02466             400.00     3200.00
02467               0.00      800.00
02468             400.00     2960.00
02469             800.00      160.00
02470             400.00     3280.00
02471             400.00      160.00
02472             400.00     2880.00
02473               0.00     1760.00
02474               0.00     1680.00
02475               0.00     2560.00
02476             400.00     1280.00
02477             400.00     2720.00
02478               0.00     1200.00
02479             400.00     3040.00
02480             400.00     1200.00
02481             400.00     3120.00
02482             400.00      240.00
02483               0.00     2640.00
02484             400.00      400.00
02485               0.00     2960.00
02486               0.00      160.00
02487             400.00     1600.00
02488               0.00       80.00
02489             400.00     1840.00
02490             400.00     2080.00
02491             400.00      160.00
02492             400.00     3040.00
02493               0.00      640.00
02494             400.00      560.00
02495             400.00     3360.00
02496               0.00     2080.00
02497               0.00     2000.00
02498               0.00     3280.00
02499             400.00     1600.00
02500             400.00      400.00
02501               0.00     3280.00
02502             400.00      160.00
02503             400.00     3120.00
02504             400.00     2160.00
02505             400.00     1680.00
02506             400.00     3280.00
02507             400.00       80.00
02508               0.00     1360.00
02509             400.00     2880.00
02510               0.00       80.00
02511             400.00     2240.00
02512             400.00     1600.00
02513               0.00      560.00
02514             400.00     1680.00
02515             400.00      320.00
02516             400.00     3040.00
02517               0.00       80.00
02518             400.00     1440.00
02519             400.00     2960.00
02520             400.00     1680.00
02521             400.00     3360.00
02522             400.00     1840.00
02523             400.00      480.00
02524             400.00     3280.00
02525             400.00       80.00
02526               0.00     2720.00
02527               0.00     2320.00
02528             400.00      400.00
02529               0.00     1680.00
02530             400.00      160.00
02531               0.00     3360.00
02532               0.00      320.00
02533             400.00     2800.00
02534             400.00       80.00
02535               0.00     3040.00
02536             400.00      800.00
02537             400.00     3360.00
02538             400.00      160.00
02539             400.00     2400.00
02540             400.00     2480.00
02541             400.00      400.00
02542             400.00     3200.00
02543               0.00      160.00
02544               0.00     3280.00
02545             400.00      240.00
02546               0.00     3200.00
02547               0.00       80.00
02548             400.00     3040.00
02549             400.00     1120.00
02550               0.00     2320.00
02551             400.00     1840.00
02552             400.00     3280.00
02553               0.00      400.00
02554             400.00     1840.00
02555             400.00      960.00
02556             400.00     3200.00
02557             400.00     1760.00
02558             400.00      720.00
02559               0.00      640.00
02560               0.00     3360.00
02561               0.00      800.00
02562             400.00     2080.00
02563               0.00     2400.00
02564             400.00       80.00
02565             400.00     2240.00
02566               0.00     1760.00
02567               0.00       80.00
02568             400.00     2960.00
02569             400.00      320.00
02570             400.00     3040.00
02571             400.00       80.00
02572             400.00     2640.00
02573               0.00     2240.00
02574               0.00     1280.00
02575             400.00     3280.00
02576             400.00      400.00
02577             400.00     1040.00
02578             400.00     3120.00
02579             400.00      160.00
02580               0.00     3200.00
02581             400.00     1680.00
02582             400.00      160.00
02583             400.00     3200.00
02584               0.00       80.00
02585             400.00     3360.00
02586             400.00      240.00
02587             400.00     1840.00
02588             400.00     2480.00
02589             400.00       80.00
02590             400.00     1680.00
02591             400.00     2240.00
02592             400.00     1040.00
02593             400.00     3280.00
02594             400.00       80.00
02595             400.00     1840.00
02596             400.00     1680.00
02597             400.00      560.00
02598             400.00     3280.00
02599             400.00      800.00
02600             400.00     2400.00
02601             400.00      320.00
02602             400.00      640.00
02603             400.00     3040.00
02604               0.00      480.00
02605               0.00     1680.00
02606               0.00     1360.00
02607               0.00     2880.00
02608               0.00     1440.00
02609             400.00     3040.00
02610             400.00      560.00
02611             400.00     3280.00
02612             400.00       80.00
02613             400.00     2560.00
02614             400.00     1440.00
02615             400.00     1920.00
02616             400.00     2880.00
02617             400.00      560.00
02618             400.00     3120.00
02619             400.00      960.00
02620             400.00     3120.00
02621             400.00      160.00
02622             400.00     3280.00
02623             400.00     1120.00
02624             400.00     2640.00
02625             400.00      240.00
02626             400.00     3200.00
02627             400.00       80.00
02628             400.00     3200.00
02629             400.00      160.00
02630               0.00     2160.00
02631             400.00     3040.00
02632               0.00      320.00
02633               0.00     2400.00
02634             400.00     1120.00
02635             400.00       80.00
02636             400.00     3280.00
02637               0.00     1680.00
02638             400.00     1120.00
02639             400.00     3280.00
02640             400.00      160.00
02641             400.00     3280.00
02642               0.00     1360.00
02643             400.00      320.00
02644             400.00     3360.00
02645             400.00      720.00
02646             400.00     2640.00
02647               0.00     3040.00
02648             400.00     1760.00
02649             400.00     2720.00
02650             400.00      480.00
02651             400.00     1280.00
02652             400.00     3280.00
02653             400.00      160.00
02654             400.00     1680.00
02655             800.00      240.00
02656             400.00     1120.00
02657             800.00     1680.00
02658             400.00       80.00
02659             400.00     3280.00
02660               0.00       80.00
02661             400.00      480.00
02662               0.00     3280.00
02663             400.00     1680.00
02664             400.00     3280.00
02665             800.00     2640.00
02666             400.00     1680.00
02667             400.00     3280.00
02668             400.00       80.00
02669             400.00     3280.00
02670             400.00     2320.00
02671               0.00      400.00
02672               0.00     1760.00
02673             400.00      160.00
02674             400.00     3360.00
02675             400.00      160.00
02676             400.00     3280.00
02677             400.00      400.00
02678               0.00     3040.00
02679             400.00      160.00
02680             400.00     3280.00
02681             400.00     1680.00
02682               0.00     3280.00
02683             400.00     1920.00
02684             400.00      800.00
02685               0.00     3200.00
02686             400.00      400.00
02687               0.00     3200.00
02688             400.00       80.00
02689             400.00     3280.00
02690             400.00      160.00
02691             800.00     3280.00
02692             400.00      -80.00
02693             400.00     3280.00
02694             400.00      160.00
02695             400.00     3200.00
02696             400.00       80.00
02697             400.00     3120.00
02698               0.00      160.00
02699             400.00     3200.00
02700               0.00      400.00
02701             400.00     2720.00
02702               0.00     3280.00
02703             400.00      160.00
02704               0.00     2240.00
02705             400.00     2080.00
02706             400.00     1040.00
02707             400.00     3200.00
02708               0.00     1600.00
02709             400.00       80.00
02710             400.00     3360.00
02711             400.00      560.00
02712               0.00     1040.00
02713             400.00     2000.00
02714               0.00      400.00
02715               0.00     3360.00
02716             400.00     1360.00
02717             400.00     2080.00
02718               0.00     2880.00
02719             400.00       80.00
02720             400.00     2240.00
02721             400.00     3200.00
02722             400.00      320.00
02723             400.00     3280.00
02724             400.00     1600.00
02725             400.00      720.00
02726               0.00     1680.00
02727               0.00      720.00
02728               0.00     3360.00
02729               0.00      320.00
02730               0.00     1360.00
02731             400.00     2240.00
02732             400.00      240.00
02733             400.00     1680.00
02734               0.00     1680.00
02735             400.00     2000.00
02736             400.00     2960.00
02737             400.00       80.00
02738               0.00     3280.00
02739             400.00     1760.00
02740               0.00     2240.00
02741             400.00     2640.00
02742             400.00     1760.00
02743             400.00     3360.00
02744               0.00      160.00
02745               0.00     3280.00
02746               0.00       80.00
02747             400.00     3280.00
02748             400.00     1760.00
02749               0.00     3120.00
02750             400.00       80.00
02751             400.00     1520.00
02752               0.00     2320.00
02753               0.00     1680.00
02754             400.00     2880.00
02755             400.00      160.00
02756             400.00     3360.00
02757             400.00     1680.00
02758             400.00     3280.00
02759             400.00      160.00
02760             400.00     2800.00
02761             400.00     1600.00
02762             400.00     3040.00
02763             400.00     1040.00
02764             400.00     1760.00
02765               0.00      800.00
02766             400.00     2400.00
02767             400.00      560.00
02768             400.00     1840.00
02769               0.00     1520.00
02770               0.00     3120.00
02771               0.00      320.00
02772             400.00     2400.00
02773               0.00     1600.00
02774             400.00       80.00
02775               0.00     2560.00
02776             400.00     1600.00
02777             400.00      560.00
02778             400.00     3120.00
02779             400.00      480.00
02780               0.00       80.00
02781             400.00     3040.00
02782             400.00     2640.00
02783             400.00      160.00
02784             400.00     2960.00
02785             400.00       80.00
02786               0.00     2720.00
02787             400.00     2960.00
02788             400.00       80.00
02789             400.00     3280.00
02790             400.00      480.00
02791             400.00      400.00
02792             400.00     3280.00
02793             400.00        0.00
02794             400.00     1360.00
02795             400.00     3120.00
02796             400.00      160.00
02797               0.00     3360.00
02798             400.00      160.00
02799               0.00     3040.00
02800             400.00     1680.00
02801               0.00       80.00
02802             400.00     3280.00
02803             400.00       80.00
02804             400.00     1360.00
02805             400.00     3120.00
02806             400.00      400.00
02807               0.00     3280.00
02808             400.00      320.00
02809             400.00     1680.00
02810             400.00     3200.00
02811             400.00      400.00
02812               0.00     3280.00
02813             400.00       80.00
02814             400.00     2880.00
02815             400.00     1760.00
02816             400.00     3280.00
02817             400.00       80.00
02818             400.00     1680.00
02819               0.00      160.00
02820               0.00     3280.00
02821             400.00      320.00
02822             400.00     1360.00
02823             400.00     3040.00
02824               0.00     1680.00
02825             400.00     3200.00
02826             400.00       80.00
02827             400.00     1360.00
02828               0.00     2240.00
02829             400.00     2560.00
02830             400.00     1520.00
02831             400.00      960.00
02832               0.00     2880.00
02833               0.00     1680.00
02834               0.00     2240.00
02835             400.00     1600.00
02836             400.00     2640.00
02837             400.00      480.00
02838             400.00     2480.00
02839             400.00      480.00
02840               0.00     1920.00
02841             400.00     3360.00
02842             400.00     1680.00
02843             400.00     1600.00
02844             400.00     3040.00
02845             400.00      160.00
02846             400.00     3200.00
02847             400.00     2480.00
02848               0.00       80.00
02849               0.00     3280.00
02850             400.00      800.00
02851             400.00     1760.00
02852             400.00     2080.00
02853             400.00     2800.00
02854               0.00       80.00
02855               0.00     3200.00
02856             400.00      160.00
02857             400.00     1120.00
02858             800.00     3120.00
02859             400.00      320.00
02860               0.00     2080.00
02861               0.00     2400.00
02862             400.00      160.00
02863               0.00     1280.00
02864             400.00     3120.00
02865             400.00      240.00
02866             400.00     3280.00
02867             400.00       80.00
02868             400.00     3280.00
02869               0.00       80.00
02870               0.00     1600.00
02871             400.00     2960.00
02872             400.00       80.00
02873             400.00     1920.00
02874             400.00     1120.00
02875             400.00      720.00
02876             400.00     1760.00
02877             400.00       80.00
02878               0.00     3360.00
02879             400.00     1040.00
02880             400.00      560.00
02881             400.00     3200.00
02882             400.00      480.00
02883               0.00     3280.00
02884             400.00      160.00
02885             400.00     1680.00
02886             400.00     1120.00
02887             400.00     3280.00
02888             400.00        0.00
02889             400.00     2960.00
02890             400.00      160.00
02891               0.00     1600.00
02892               0.00     1200.00
02893             400.00      640.00
02894             400.00     1760.00
02895             400.00        0.00
02896             400.00     3280.00
02897             400.00       80.00
02898             400.00     1760.00
02899             400.00     2880.00
02900             400.00     1680.00
02901               0.00     1680.00
02902               0.00      800.00
02903               0.00     1760.00
02904             400.00      320.00
02905             400.00     1440.00
02906             400.00     1520.00
02907             400.00     2560.00
02908             400.00      320.00
02909             400.00     1680.00
02910             400.00     2000.00
02911             400.00      160.00
02912             400.00     2960.00
02913             400.00      480.00
02914             400.00       80.00
02915             400.00     3360.00
02916             400.00       80.00
02917             400.00     2640.00
02918             800.00     1680.00
02919             400.00      320.00
02920             400.00     2720.00
02921               0.00     1680.00
02922               0.00      960.00
02923             400.00     2880.00
02924               0.00     2400.00
02925             400.00      160.00
02926             400.00     3360.00
02927             400.00     1600.00
02928             800.00     1680.00
02929               0.00     3120.00
02930             400.00       80.00
02931             400.00     1440.00
02932             800.00     1760.00
02933               0.00      160.00
02934             400.00     2560.00
02935               0.00     3120.00
02936             400.00      320.00
02937             400.00     3200.00
02938               0.00       80.00
02939             400.00     3280.00
02940             400.00     1600.00
02941             400.00     1600.00
02942             400.00     2960.00
02943               0.00       80.00
02944               0.00     2400.00
02945             400.00      320.00
02946             400.00     1360.00
02947             400.00     3040.00
02948               0.00      160.00
02949             400.00     2640.00
02950             400.00      160.00
02951             400.00     1360.00
02952               0.00     1760.00
02953             400.00       80.00
02954               0.00     3280.00
02955             400.00       80.00
02956               0.00     3360.00
02957               0.00       80.00
02958               0.00     3120.00
02959             400.00       80.00
02960             400.00     3280.00
02961             400.00     1680.00
02962             400.00     2960.00
02963             400.00       80.00
02964             400.00     1840.00
02965             400.00     2880.00
02966             400.00      240.00
02967             400.00     1600.00
02968             400.00        0.00
02969             400.00     3200.00
02970             400.00     1680.00
02971             400.00     1760.00
02972             400.00      320.00
02973             400.00     2240.00
02974             400.00     2000.00
02975               0.00     2080.00
02976             400.00     1760.00
02977             400.00     2960.00
02978             400.00     1280.00
02979             800.00     1680.00
02980               0.00      960.00
02981               0.00     3120.00
02982             400.00      480.00
02983             400.00     2080.00
02984               0.00     3280.00
02985             400.00     1680.00
02986             400.00     2080.00
02987             400.00     2320.00
02988             400.00     1600.00
02989               0.00     3120.00
02990             400.00     2880.00
02991               0.00       80.00
02992               0.00     3120.00
02993               0.00       80.00
02994             400.00     1680.00
02995             400.00      240.00
02996             400.00     1360.00
02997             400.00     1680.00
02998             400.00       80.00
02999             400.00     3280.00
03000             400.00     1680.00
03001             400.00      320.00
03002             400.00     3280.00
03003             400.00     1680.00
03004               0.00      560.00
03005             400.00     3360.00
03006             400.00     1520.00
03007             400.00      400.00
03008             400.00     2320.00
03009             400.00      400.00
03010             400.00     3280.00
03011             400.00       80.00
03012             400.00     2800.00
03013               0.00     2640.00
03014             400.00      160.00
03015             400.00     3360.00
03016             400.00      960.00
03017               0.00     2560.00
03018             400.00     2720.00
03019               0.00      480.00
03020             400.00     3280.00
03021             400.00       80.00
03022               0.00     2800.00
03023               0.00     2320.00
03024               0.00      480.00
03025             400.00     3280.00
03026             400.00      160.00
03027             400.00     3200.00
03028             400.00     1600.00
03029               0.00     3200.00
03030             400.00      320.00
03031             400.00     3040.00
03032             400.00      160.00
03033             400.00     3280.00
03034             400.00      800.00
03035             400.00     3040.00
03036             400.00     2000.00
03037             400.00     1680.00
03038             400.00     3120.00
03039             400.00      160.00
03040               0.00     3360.00
03041             400.00      640.00
03042               0.00     2960.00
03043             400.00     1680.00
03044             400.00     2480.00
03045             400.00     1760.00
03046             400.00     1760.00
03047             400.00       80.00
03048               0.00     3360.00
03049             400.00      480.00
03050             400.00     2960.00
03051             400.00      160.00
03052             400.00     1440.00
03053             400.00     2960.00
03054             400.00       80.00
03055             400.00     1760.00
03056             400.00     1440.00
03057               0.00       80.00
03058             400.00     3280.00
03059             400.00      240.00
03060             400.00      480.00
03061               0.00     2480.00
03062               0.00      480.00
03063             400.00     2080.00
03064             800.00     1760.00
03065             400.00     3280.00
03066               0.00       80.00
03067             400.00     2720.00
03068             400.00     2720.00
03069             400.00      160.00
03070             400.00     1680.00
03071             400.00      480.00
03072             400.00      720.00
03073             400.00     1680.00
03074             400.00      480.00
03075               0.00      960.00
03076             400.00     3280.00
03077               0.00     1360.00
03078             400.00     2320.00
03079             400.00     1680.00
03080             400.00     1040.00
03081               0.00     3120.00
03082             400.00       80.00
03083             400.00     2400.00
03084             400.00     2240.00
03085               0.00      400.00
03086             400.00     3280.00
03087             400.00       80.00
03088             400.00     3360.00
03089             400.00     1680.00
03090               0.00      400.00
03091             400.00     3280.00
03092               0.00       80.00
03093               0.00     3360.00
03094             400.00     1040.00
03095             400.00     1360.00
03096             400.00     2880.00
03097             400.00     1200.00
03098             400.00     2560.00
03099               0.00      480.00
03100               0.00     2560.00
03101             400.00      800.00
03102             400.00     2240.00
03103               0.00      320.00
03104             400.00     1760.00
03105               0.00       80.00
03106             800.00     3280.00
03107             400.00      960.00
03108             400.00      800.00
03109             400.00     2960.00
03110             400.00       80.00
03111             400.00     3280.00
03112               0.00       80.00
03113             400.00     1120.00
03114             400.00        0.00
03115             400.00     3360.00
03116             400.00       80.00
03117               0.00     3280.00
03118             400.00      160.00
03119             400.00     3040.00
03120             400.00       80.00
03121               0.00     3040.00
03122             400.00     1600.00
03123             400.00       80.00
03124               0.00     3040.00
03125             400.00      960.00
03126             400.00     1040.00
03127             400.00     3280.00
03128             400.00      160.00
03129             400.00     2000.00
03130             400.00     2720.00
03131               0.00      560.00
03132             400.00     2640.00
03133             400.00     3280.00
03134             400.00      320.00
03135             400.00     1280.00
03136             400.00     3040.00
03137               0.00       80.00
03138             400.00     3360.00
03139             400.00      960.00
03140             400.00     1600.00
03141             400.00     3280.00
03142             400.00       80.00
03143             400.00     2480.00
03144             400.00     2880.00
03145             400.00       80.00
03146             400.00     1600.00
03147             400.00     3120.00
03148               0.00       80.00
03149             400.00     1760.00
03150               0.00      240.00
03151             400.00     2720.00
03152               0.00     2720.00
03153             400.00      160.00
03154             400.00     3200.00
03155               0.00     1680.00
03156             400.00     1440.00
03157             400.00     2960.00
03158             400.00      160.00
03159             400.00     3280.00
03160             400.00      160.00
03161             400.00     1440.00
03162             400.00     3040.00
03163             400.00      160.00
03164             400.00     3280.00
03165               0.00        0.00
03166               0.00     2640.00
03167             400.00      240.00
03168             400.00     2640.00
03169             400.00       80.00
03170             400.00     2960.00
03171             400.00      880.00
03172               0.00     3360.00
03173             400.00      160.00
03174             400.00     1520.00
03175               0.00     2960.00
03176             400.00      160.00
03177             400.00     3360.00
03178             400.00       80.00
03179             400.00     2960.00
03180             400.00     1360.00
03181               0.00      560.00
03182               0.00     2960.00
03183               0.00      160.00
03184             400.00     3280.00
03185             400.00      160.00
03186             400.00     3360.00
03187             400.00      240.00
03188               0.00     3200.00
03189               0.00     1600.00
03190               0.00     3280.00
03191             400.00     1600.00
03192             400.00      560.00
03193             400.00     3360.00
03194             400.00      480.00
03195             400.00     2000.00
03196             400.00     3280.00
03197             400.00      160.00
03198               0.00     1520.00
03199             400.00     2240.00
03200             400.00       80.00
03201             400.00     3040.00
03202             400.00      960.00
03203             400.00       80.00
03204             400.00     3120.00
03205             400.00      160.00
03206             400.00     3280.00
03207               0.00     1520.00
03208             400.00      720.00
03209             400.00     2960.00
03210             400.00      160.00
03211             400.00     2720.00
03212             400.00     2640.00
03213               0.00      160.00
03214             400.00     3280.00
03215             400.00      320.00
03216               0.00     1680.00
03217             400.00     2880.00
03218               0.00     2320.00
03219             400.00      320.00
03220             400.00     3200.00
03221             400.00      160.00
03222             400.00     1600.00
03223             400.00      880.00
03224             400.00      720.00
03225             400.00     1760.00
03226               0.00      160.00
03227               0.00     3280.00
03228             400.00      160.00
03229             400.00     1120.00
03230             400.00     3040.00
03231             400.00     1680.00
03232             400.00     3280.00
03233               0.00      240.00
03234             400.00     2400.00
03235             400.00     2800.00
03236             400.00      480.00
03237             400.00     3280.00
03238               0.00      160.00
03239             400.00     3120.00
03240             400.00      640.00
03241             400.00     3200.00
03242             400.00       80.00
03243             400.00     3120.00
03244             400.00       80.00
03245               0.00     3280.00
03246             400.00      160.00
03247             400.00     1520.00
03248               0.00     2640.00
03249             400.00     1360.00
03250               0.00     3280.00
03251             400.00       80.00
03252               0.00     3360.00
03253             400.00     1280.00
03254             400.00     2000.00
03255               0.00     2320.00
03256             400.00     1280.00
03257             400.00     2400.00
03258             400.00     3360.00
03259               0.00     1520.00
03260             400.00      960.00
03261             400.00       80.00
03262               0.00     3360.00
03263               0.00      880.00
03264             800.00     1120.00
03265             400.00     2400.00
03266             400.00      320.00
03267               0.00      240.00
03268             400.00     3280.00
03269             400.00       80.00
03270             400.00     2960.00
03271             400.00     1280.00
03272             400.00       80.00
03273             400.00     3120.00
03274             400.00      640.00
03275             400.00      800.00
03276             800.00     2880.00
03277             400.00     2800.00
03278             400.00      160.00
03279             400.00     3280.00
03280             400.00     1520.00
03281             400.00     1120.00
03282               0.00     3200.00
03283             400.00     1600.00
03284             400.00     2000.00
03285             400.00     1200.00
03286             400.00       80.00
03287             400.00     1680.00
03288               0.00     3280.00
03289               0.00      640.00
03290               0.00     2640.00
03291             400.00     2080.00
03292             400.00     1680.00
03293             400.00     3280.00
03294             400.00      160.00
03295             400.00     3200.00
03296               0.00     1920.00
03297             400.00      720.00
03298             800.00     1760.00
03299             400.00      160.00
03300             400.00     3360.00
03301             400.00     1760.00
03302             400.00      800.00
03303             400.00     2320.00
03304             400.00      160.00
03305             400.00     3360.00
03306             400.00       80.00
03307             400.00     1680.00
03308             400.00      960.00
03309               0.00     1760.00
03310               0.00     1920.00
03311               0.00     2000.00
03312               0.00        0.00
03313               0.00     2720.00
03314             400.00     1600.00
03315             400.00      800.00
03316               0.00     1680.00
03317             400.00      160.00
03318             400.00     3280.00
03319             400.00       80.00
03320               0.00     2080.00
03321               0.00      720.00
03322               0.00      480.00
03323             400.00     3200.00
03324               0.00       80.00
03325             400.00     3280.00
03326             400.00       80.00
03327               0.00     3040.00
03328             400.00       80.00
03329               0.00     3280.00
03330             400.00       80.00
03331               0.00     3200.00
03332             400.00      400.00
03333             400.00      400.00
03334             400.00     3040.00
03335               0.00      480.00
03336             400.00     1920.00
03337             400.00     3280.00
03338             400.00      160.00
03339               0.00     1440.00
03340             400.00     2240.00
03341               0.00      160.00
03342             400.00     2960.00
03343             400.00     2320.00
03344             400.00       80.00
03345             400.00     3280.00
03346               0.00      160.00
03347             400.00     3360.00
03348             400.00       80.00
03349             400.00     2400.00
03350               0.00     2880.00
03351             400.00      160.00
03352             400.00     3280.00
03353               0.00      720.00
03354             400.00      640.00
03355               0.00     3280.00
03356             400.00      640.00
03357               0.00     1360.00
03358             400.00     3280.00
03359             400.00     1600.00
03360             400.00      160.00
03361             400.00     3040.00
03362               0.00       80.00
03363             400.00     3200.00
03364               0.00     2320.00
03365             400.00     1040.00
03366             400.00     2800.00
03367             400.00       80.00
03368             400.00     1680.00
03369             400.00      480.00
03370             400.00     3040.00
03371             400.00     2960.00
03372               0.00      160.00
03373             800.00     3360.00
03374               0.00     1760.00
03375             400.00     3280.00
03376               0.00     2560.00
03377             400.00     1680.00
03378             400.00     3280.00
03379             400.00      480.00
03380             400.00     3280.00
03381             400.00       80.00
03382             400.00     3200.00
03383             400.00     1680.00
03384             400.00     2640.00
03385             800.00      160.00
03386               0.00     1680.00
03387             400.00      400.00
03388             400.00     3280.00
03389             400.00     2480.00
03390               0.00      320.00
03391             400.00     3200.00
03392             400.00     1680.00
03393             400.00     3280.00
03394             400.00     1040.00
03395               0.00     1920.00
03396               0.00     2960.00
03397             400.00     1360.00
03398               0.00     3040.00
03399             400.00      480.00
03400             400.00     2560.00
03401             400.00     2960.00
03402               0.00       80.00
03403             400.00     3200.00
03404             400.00     1440.00
03405             800.00      400.00
03406             400.00     3120.00
03407               0.00      480.00
03408             400.00     2080.00
03409             400.00     3280.00
03410             400.00     1680.00
03411             800.00     2000.00
03412               0.00     2080.00
03413               0.00      160.00
03414               0.00     2640.00
03415             400.00     3280.00
03416             400.00       80.00
03417             400.00     3200.00
03418               0.00     1440.00
03419             400.00     1760.00
03420               0.00     2880.00
03421               0.00       80.00
03422               0.00     2320.00
03423               0.00     2960.00
03424             400.00      480.00
03425             400.00     3280.00
03426             400.00     1120.00
03427             400.00       80.00
03428             400.00     3280.00
03429               0.00     1760.00
03430             400.00        0.00
03431             400.00     3200.00
03432             400.00     1760.00
03433             400.00     2720.00
03434             400.00     3040.00
03435             400.00     1600.00
03436             400.00     3280.00
03437             400.00      160.00
03438             400.00     3200.00
03439               0.00     2720.00
03440             400.00      320.00
03441             400.00     3280.00
03442               0.00       80.00
03443             400.00     2320.00
03444             400.00     1680.00
03445             400.00      320.00
03446             400.00     2960.00
03447             400.00      160.00
03448             400.00     3280.00
03449             400.00      160.00
03450             400.00     1680.00
03451             400.00       80.00
03452               0.00     2960.00
03453             400.00     1680.00
03454             400.00     3280.00
03455             800.00       80.00
03456             800.00     3280.00
03457             400.00     2560.00
03458               0.00      400.00
03459             400.00     1760.00
03460             400.00      160.00
03461             400.00     3280.00
03462             400.00     1680.00
03463             400.00      960.00
03464               0.00     1680.00
03465               0.00      560.00
03466             400.00     3280.00
03467             400.00        0.00
03468               0.00     1760.00
03469             400.00       80.00
03470               0.00     3360.00
03471             400.00      160.00
03472             400.00     2560.00
03473             400.00     3360.00
03474               0.00      160.00
03475             400.00     3200.00
03476             400.00     2160.00
03477               0.00     1600.00
03478             400.00     2960.00
03479             400.00      720.00
03480             400.00     1680.00
03481             400.00     3280.00
03482             400.00      720.00
03483               0.00     1440.00
03484             400.00     2960.00
03485             400.00      240.00
03486             400.00     1600.00
03487             400.00     2960.00
03488             400.00     2720.00
03489               0.00     1680.00
03490             400.00     3280.00
03491             400.00       80.00
03492             400.00     2160.00
03493               0.00     3200.00
03494             400.00       80.00
03495               0.00     1680.00
03496             400.00     1360.00
03497               0.00      160.00
03498               0.00     2240.00
03499             400.00     3120.00
03500               0.00       80.00
03501             400.00     2640.00
03502             400.00     3040.00
03503             400.00      160.00
03504             400.00     3200.00
03505               0.00       80.00
03506             400.00     1360.00
03507             400.00     2720.00
03508             400.00      160.00
03509             400.00     3040.00
03510             400.00       80.00
03511             400.00     1840.00
03512             400.00     2560.00
03513               0.00     1040.00
03514             400.00     3040.00
03515             400.00       80.00
03516             400.00     3120.00
03517             400.00     1920.00
03518             400.00     2240.00
03519             400.00     2720.00
03520             400.00     1760.00
03521             400.00     3040.00
03522             400.00     1040.00
03523             400.00     2640.00
03524               0.00      240.00
03525               0.00     2480.00
03526             400.00      560.00
03527             400.00     2960.00
03528             400.00       80.00
03529               0.00     1760.00
03530               0.00     1120.00
03531               0.00     2800.00
03532               0.00     2320.00
03533             400.00      160.00
03534             400.00     3280.00
03535             400.00     1760.00
03536               0.00     3280.00
03537               0.00      720.00
03538             400.00     1680.00
03539             400.00     2960.00
03540             400.00     2560.00
03541             400.00       80.00
03542             400.00     3360.00
03543             400.00      320.00
03544             400.00     1680.00
03545             400.00     3280.00
03546             400.00       80.00
03547             400.00     1680.00
03548               0.00     2320.00
03549             400.00      160.00
03550             400.00     2960.00
03551               0.00      480.00
03552             400.00      480.00
03553             400.00     1600.00
03554             400.00     1840.00
03555             400.00      400.00
03556             400.00     1680.00
03557               0.00      560.00
03558               0.00     2560.00
03559             400.00      160.00
03560               0.00     3280.00
03561             400.00     1520.00
03562               0.00     1680.00
03563             400.00     3040.00
03564             400.00        0.00
03565             400.00     1680.00
03566               0.00     3120.00
03567             400.00      320.00
03568               0.00     3360.00
03569             400.00     3040.00
03570               0.00      160.00
03571             400.00     1680.00
03572             400.00     2960.00
03573             800.00       80.00
03574             400.00     3200.00
03575               0.00     2480.00
03576             400.00     2240.00
03577             400.00     2720.00
03578             400.00       80.00
03579             400.00     3360.00
03580             400.00       80.00
03581             400.00     3280.00
03582             400.00     2160.00
03583             400.00      240.00
03584             400.00     3280.00
03585             400.00       80.00
03586             400.00     3200.00
03587               0.00     1440.00
03588             400.00      320.00
03589             400.00     2880.00
03590             400.00      160.00
03591             400.00     3280.00
03592             400.00       80.00
03593             400.00     3280.00
03594             400.00      320.00
03595               0.00     3120.00
03596             400.00     1680.00
03597             400.00     3280.00
03598             400.00       80.00
03599             400.00     3280.00
03600               0.00     1600.00
03601             400.00      480.00
03602               0.00     3200.00
03603               0.00      240.00
03604             400.00     3280.00
03605             400.00     1760.00
03606             400.00     1360.00
03607             400.00     1280.00
03608             400.00      640.00
03609               0.00     3200.00
03610               0.00      160.00
03611             400.00     1680.00
03612               0.00     3280.00
03613             400.00       80.00
03614             400.00     1840.00
03615               0.00      880.00
03616               0.00       80.00
03617             400.00     3280.00
03618             800.00      400.00
03619             400.00      960.00
03620             400.00     2400.00
03621               0.00      400.00
03622               0.00     2560.00
03623               0.00     1760.00
03624               0.00       80.00
03625             400.00     1440.00
03626             400.00     3120.00
03627             400.00       80.00
03628             400.00     3200.00
03629             400.00       80.00
03630             400.00     3360.00
03631               0.00      640.00
03632             400.00     1680.00
03633             400.00     3280.00
03634               0.00       80.00
03635             400.00     2880.00
03636             400.00     2720.00
03637               0.00       80.00
03638             400.00     1600.00
03639               0.00     2000.00
03640               0.00       80.00
03641             400.00     1680.00
03642             400.00     3200.00
03643             800.00      320.00
03644             800.00     3280.00
03645             400.00     1280.00
03646               0.00      720.00
03647             400.00     1680.00
03648               0.00      480.00
03649               0.00     3200.00
03650             400.00       80.00
03651             400.00     2480.00
03652             400.00      560.00
03653             400.00      720.00
03654               0.00     3200.00
03655               0.00       80.00
03656             400.00     3360.00
03657             400.00      640.00
03658             400.00      960.00
03659             400.00     3120.00
03660             400.00      160.00
03661             400.00     3200.00
03662             400.00      160.00
03663             400.00     3280.00
03664             400.00       80.00
03665             400.00     3200.00
03666             400.00      320.00
03667             400.00     3280.00
03668               0.00       80.00
03669               0.00     2400.00
03670             400.00      400.00
03671               0.00     1200.00
03672             400.00     1600.00
03673               0.00      160.00
03674             400.00     3200.00
03675             400.00       80.00
03676             400.00     2640.00
03677             400.00     2400.00
03678             400.00      320.00
03679               0.00     2880.00
03680               0.00      160.00
03681               0.00     2400.00
03682             400.00     1520.00
03683             400.00       80.00
03684             400.00     3120.00
03685             400.00      480.00
03686             400.00      800.00
03687             400.00     3360.00
03688               0.00      560.00
03689               0.00     1760.00
03690             400.00     2000.00
03691             400.00      160.00
03692               0.00     1840.00
03693             400.00     2560.00
03694             400.00       80.00
03695               0.00     2960.00
03696             400.00     1360.00
03697             400.00       80.00
03698               0.00     3040.00
03699               0.00     1520.00
03700             400.00     1680.00
03701             400.00     1760.00
03702             400.00     1680.00
03703               0.00     1680.00
03704               0.00     1680.00
03705             400.00     1680.00
03706             400.00     1680.00
03707               0.00     1680.00
03708             400.00     1680.00
03709             400.00     1680.00
03710               0.00     1680.00
03711             400.00     1600.00
03712             400.00     1760.00
03713               0.00     1680.00
03714               0.00     1680.00
03715               0.00     1680.00
03716               0.00     1600.00
03717             400.00     1760.00
03718             400.00     1680.00
03719               0.00     1680.00
03720               0.00     1680.00
03721             400.00     1680.00
03722               0.00     1680.00
03723             400.00     1680.00
03724             400.00     1680.00
03725               0.00     1680.00
03726             400.00     1680.00
03727               0.00     1760.00
03728             400.00     1680.00
03729             400.00     1680.00
03730             400.00     1680.00
03731             400.00     1680.00
03732             400.00     1760.00
03733               0.00     1680.00
03734             400.00     1680.00
03735             400.00     1600.00
03736               0.00     1760.00
03737               0.00     1680.00
03738             400.00     1680.00
03739               0.00     1760.00
03740             400.00     1760.00
03741             400.00     1760.00
03742             400.00     1680.00
03743             400.00     1680.00
03744             400.00     1680.00
03745               0.00     1680.00
03746               0.00     1680.00
03747               0.00     1680.00
03748             400.00     1680.00
03749             400.00     1680.00
03750             400.00     1680.00
03751             400.00     1680.00
03752               0.00     1680.00
03753             400.00     1760.00
03754             400.00     1680.00
03755             400.00     1680.00
03756             800.00     1760.00
03757               0.00     1760.00
03758             400.00     1680.00
03759             400.00     1680.00
03760             400.00     1680.00
03761               0.00     1680.00
03762               0.00     1760.00
03763             800.00     1600.00
03764               0.00     1680.00
03765             400.00     1680.00
03766               0.00     1680.00
03767             400.00     1680.00
03768               0.00     1680.00
03769               0.00     1680.00
03770               0.00     1680.00
03771             400.00     1600.00
03772               0.00     1680.00
03773             400.00     1680.00
03774               0.00     1680.00
03775             400.00     1680.00
03776               0.00     1680.00
03777             400.00     1680.00
03778             400.00     1680.00
03779             400.00     1680.00
03780               0.00     1680.00
03781             400.00     1680.00
03782             400.00     1680.00
03783               0.00     1680.00
03784               0.00     1680.00
03785             400.00     1680.00
03786             400.00     1680.00
03787             400.00     1680.00
03788             400.00     1680.00
03789             800.00     1760.00
03790             400.00     1680.00
03791             400.00     1760.00
03792             400.00     1680.00
03793             400.00     1680.00
03794             400.00     1680.00
03795             400.00     1680.00
03796             400.00     1680.00
03797             400.00     1680.00
03798               0.00     1680.00
03799               0.00     1680.00
03800             400.00     1760.00
03801             800.00     1680.00
03802             400.00     1680.00
03803             400.00     1680.00
03804             400.00     1680.00
03805             400.00     1680.00
03806               0.00     1680.00
03807             400.00     1680.00
03808             400.00     1680.00
03809             400.00     1680.00
03810               0.00     1680.00
03811               0.00     1760.00
03812               0.00     1680.00
03813             400.00     1680.00
03814             400.00     1680.00
03815             400.00     1680.00
03816             400.00     1680.00
03817             400.00     1680.00
03818             400.00     1680.00
03819               0.00     1760.00
03820               0.00     1680.00
03821             400.00     1680.00
03822               0.00     1680.00
03823             400.00     1680.00
03824             400.00     1760.00
03825             400.00     1680.00
03826             400.00     1680.00
03827             400.00     1680.00
03828             400.00     1680.00
03829             400.00     1680.00
03830               0.00     1680.00
03831             400.00     1760.00
03832             400.00     1680.00
03833               0.00     1680.00
03834               0.00     1600.00
03835             400.00     1680.00
03836               0.00     1760.00
03837             400.00     1600.00
03838             400.00     1680.00
03839             400.00     1680.00
03840               0.00     1680.00
03841             400.00     1760.00
03842             400.00     1680.00
03843               0.00     1760.00
03844             400.00     1680.00
03845               0.00     1680.00
03846             800.00     1680.00
03847             400.00     1680.00
03848               0.00     1680.00
03849             400.00     1680.00
03850               0.00     1680.00
03851               0.00     1680.00
03852               0.00     1680.00
03853               0.00     1680.00
03854             400.00     1680.00
03855             400.00     1680.00
03856             400.00     1680.00
03857               0.00     1680.00
03858               0.00     1760.00
03859             400.00     1680.00
03860             400.00     1680.00
03861               0.00     1680.00
03862             400.00     1680.00
03863               0.00     1680.00
03864             400.00     1680.00
03865             400.00     1680.00
03866             400.00     1680.00
03867             400.00     1760.00
03868             400.00     1680.00
03869             400.00     1760.00
03870             400.00     1680.00
03871             400.00     1680.00
03872             400.00     1680.00
03873             400.00     1680.00
03874               0.00     1600.00
03875               0.00     1680.00
03876             400.00     1680.00
03877             400.00     1680.00
03878             400.00     1680.00
03879             400.00     1680.00
03880             400.00     1680.00
03881             400.00     1680.00
03882             400.00     1680.00
03883             400.00     1680.00
03884             800.00     1680.00
03885             400.00     1680.00
03886             400.00     1680.00
03887               0.00     1680.00
03888             400.00     1680.00
03889             400.00     1680.00
03890             400.00     1680.00
03891               0.00     1760.00
03892               0.00     1680.00
03893             400.00     1760.00
03894             400.00     1680.00
03895             400.00     1680.00
03896             400.00     1680.00
03897               0.00     1680.00
03898             400.00     1680.00
03899             400.00     1680.00
03900             400.00     1680.00
03901             400.00     1680.00
03902             400.00     1760.00
03903             400.00     1680.00
03904             400.00     1680.00
03905             400.00     1680.00
03906               0.00     1680.00
03907               0.00     1760.00
03908             400.00     1680.00
03909             400.00     1680.00
03910             400.00     1680.00
03911             400.00     1680.00
03912               0.00     1760.00
03913             400.00     1680.00
03914             400.00     1680.00
03915             400.00     1680.00
03916             400.00     1680.00
03917             400.00     1680.00
03918             400.00     1680.00
03919             400.00     1680.00
03920               0.00     1680.00
03921             400.00     1680.00
03922             400.00     1760.00
03923             400.00     1680.00
03924               0.00     1680.00
03925               0.00     1680.00
03926             400.00     1680.00
03927             400.00     1680.00
03928               0.00     1680.00
03929             400.00     1680.00
03930             400.00     1680.00
03931               0.00     1680.00
03932             400.00     1680.00
03933             400.00     1680.00
03934             400.00     1680.00
03935               0.00     1680.00
03936             400.00     1680.00
03937               0.00     1680.00
03938               0.00     1680.00
03939               0.00     1680.00
03940             400.00     1680.00
03941             400.00     1680.00
03942             400.00     1760.00
03943               0.00     1680.00
03944               0.00     1680.00
03945             400.00     1680.00
03946             400.00     1680.00
03947             400.00     1680.00
03948             400.00     1680.00
03949             400.00     1680.00
03950             800.00     1600.00
03951             400.00     1680.00
03952             400.00     1680.00
03953             400.00     1680.00
03954               0.00     1680.00
03955               0.00     1680.00
03956               0.00     1680.00
03957             400.00     1760.00
03958             400.00     1680.00
03959             400.00     1680.00
03960             400.00     1680.00
03961             400.00     1760.00
03962               0.00     1760.00
03963             400.00     1680.00
03964             400.00     1680.00
03965             400.00     1680.00
03966             400.00     1680.00
03967             400.00     1680.00
03968             400.00     1760.00
03969               0.00     1680.00
03970               0.00     1760.00
03971             400.00     1680.00
03972             400.00     1680.00
03973             400.00     1680.00
03974             400.00     1680.00
03975               0.00     1680.00
03976             400.00     1600.00
03977               0.00     1680.00
03978             400.00     1680.00
03979               0.00     1680.00
03980             400.00     1680.00
03981             400.00     1680.00
03982               0.00     1680.00
03983             400.00     1680.00
03984             400.00     1680.00
03985             800.00     1680.00
03986             400.00     1760.00
03987             400.00     1680.00
03988             400.00     1600.00
03989             400.00     1680.00
03990             400.00     1680.00
03991             400.00     1680.00
03992             400.00     1680.00
03993               0.00     1680.00
03994             400.00     1680.00
03995             400.00     1760.00
03996             400.00     1680.00
03997             400.00     1680.00
03998               0.00     1680.00
03999             400.00     1680.00
04000             400.00     1680.00
04001             400.00     1680.00
04002               0.00     1680.00
04003             400.00     1680.00
04004             400.00     1680.00
04005               0.00     1760.00
04006             400.00     1600.00
04007             400.00     1680.00
04008             400.00     1680.00
04009               0.00     1680.00
04010             400.00     1680.00
04011             400.00     1680.00
04012             400.00     1680.00
04013             400.00     1760.00
04014             400.00     1680.00
04015             400.00     1680.00
04016             400.00     1680.00
04017             400.00     1680.00
04018             400.00     1760.00
04019             400.00     1680.00
04020             400.00     1680.00
04021               0.00     1680.00
04022             400.00     1680.00
04023             400.00     1680.00
04024             400.00     1680.00
04025               0.00     1760.00
04026             400.00     1680.00
04027             400.00     1680.00
04028             400.00     1680.00
04029             400.00     1680.00
04030             400.00     1760.00
04031             400.00     1680.00
04032             800.00     1680.00
04033               0.00     1680.00
04034               0.00     1680.00
04035               0.00     1680.00
04036             400.00     1680.00
04037             400.00     1680.00
04038               0.00     1680.00
04039               0.00     1680.00
04040             400.00     1760.00
04041             400.00     1680.00
04042             400.00     1680.00
04043             400.00     1680.00
04044               0.00     1680.00
04045             400.00     1680.00
04046             400.00     1680.00
04047               0.00     1680.00
04048             400.00     1760.00
04049             400.00     1680.00
04050               0.00     1680.00
04051             400.00     1680.00
04052             400.00     1760.00
04053             400.00     1680.00
04054             400.00     1760.00
04055               0.00     1680.00
04056             400.00     1680.00
04057             400.00     1680.00
04058             400.00     1680.00
04059             400.00     1680.00
04060               0.00     1680.00
04061             400.00     1680.00
04062               0.00     1680.00
04063             400.00     1680.00
04064               0.00     1680.00
04065               0.00     1760.00
04066             400.00     1680.00
04067               0.00     1680.00
04068               0.00     1680.00
04069             400.00     1680.00
04070               0.00     1680.00
04071             400.00     1680.00
04072             400.00     1680.00
04073             400.00     1680.00
04074             400.00     1680.00
04075               0.00     1680.00
04076             400.00     1680.00
04077               0.00     1680.00
04078             400.00     1680.00
04079             400.00     1680.00
04080             400.00     1600.00
04081               0.00     1680.00
04082               0.00     1680.00
04083               0.00     1680.00
04084               0.00     1680.00
04085               0.00     1680.00
04086             400.00     1600.00
04087             400.00     1680.00
04088             400.00     1680.00
04089             400.00     1680.00
04090               0.00     1680.00
04091             400.00     1680.00
04092               0.00     1680.00
04093               0.00     1680.00
04094             400.00     1680.00
04095             400.00     1680.00
04096             400.00     1680.00
04097             400.00     1680.00
04098             400.00     1680.00
04099               0.00     1680.00
04100               0.00     1680.00
04101               0.00     1680.00
04102             400.00     1680.00
04103             400.00     1680.00
04104             400.00     1680.00
04105             400.00     1680.00
04106             400.00     1680.00
04107             400.00     1680.00
04108               0.00     1680.00
04109             400.00     1680.00
04110               0.00     1680.00
04111             400.00     1680.00
04112             400.00     1680.00
04113             400.00     1680.00
04114             400.00     1680.00
04115             400.00     1600.00
04116               0.00     1680.00
04117             400.00     1680.00
04118               0.00     1680.00
04119             400.00     1760.00
04120             400.00     1760.00
04121             400.00     1680.00
04122             400.00     1680.00
04123               0.00     1760.00
04124               0.00     1680.00
04125               0.00     1680.00
04126             400.00     1680.00
04127             400.00     1600.00
04128             400.00     1760.00
04129             400.00     1680.00
04130               0.00     1760.00
04131             400.00     1680.00
04132               0.00     1680.00
04133             400.00     1680.00
04134             400.00     1680.00
04135             400.00     1600.00
04136               0.00     1680.00
04137               0.00     1680.00
04138               0.00     1680.00
04139             400.00     1680.00
04140             400.00     1760.00
04141             400.00     1680.00
04142             400.00     1680.00
04143             400.00     1680.00
04144             400.00     1680.00
04145               0.00     1680.00
04146             400.00     1680.00
04147             400.00     1680.00
04148             400.00     1680.00
04149             400.00     1680.00
04150             400.00     1680.00
04151             400.00     1680.00
04152               0.00     1680.00
04153               0.00     1680.00
04154             400.00     1680.00
04155             400.00     1680.00
04156             400.00     1680.00
04157             400.00     1680.00
04158               0.00     1680.00
04159             400.00     1680.00
04160               0.00     1680.00
04161               0.00     1760.00
04162             400.00     1680.00
04163               0.00     1680.00
04164               0.00     1680.00
04165             400.00     1680.00
04166             400.00     1680.00
04167             400.00     1680.00
04168               0.00     1680.00
04169             400.00     1680.00
04170             400.00     1680.00
04171               0.00     1680.00
04172               0.00     1680.00
04173               0.00     1680.00
04174             400.00     1680.00
04175             400.00     1680.00
04176               0.00     1680.00
04177             400.00     1680.00
04178             400.00     1680.00
04179             400.00     1680.00
04180             400.00     1680.00
04181             400.00     1680.00
04182             400.00     1680.00
04183               0.00     1680.00
04184             400.00     1680.00
04185             400.00     1760.00
04186             400.00     1680.00
04187               0.00     1680.00
04188             400.00     1680.00
04189               0.00     1680.00
04190             400.00     1680.00
04191             400.00     1680.00
04192               0.00     1680.00
04193             400.00     1680.00
04194             400.00     1680.00
04195               0.00     1680.00
04196             400.00     1680.00
04197             400.00     1760.00
04198             400.00     1680.00
04199               0.00     1760.00
04200             400.00     1680.00
04201             400.00     1680.00
04202             400.00     1680.00
04203             400.00     1680.00
04204             400.00     1760.00
04205             400.00     1760.00
04206             400.00     1760.00
04207             400.00     1680.00
04208               0.00     1680.00
04209             400.00     1680.00
04210               0.00     1680.00
04211             400.00     1680.00
04212             400.00     1680.00
04213             400.00     1680.00
04214             400.00     1680.00
04215             400.00     1680.00
04216             400.00     1600.00
04217             400.00     1680.00
04218             400.00     1680.00
04219             400.00     1680.00
04220               0.00     1760.00
04221             400.00     1680.00
04222               0.00     1680.00
04223             400.00     1680.00
04224               0.00     1680.00
04225               0.00     1680.00
04226             400.00     1760.00
04227               0.00     1680.00
04228             400.00     1680.00
04229             400.00     1680.00
04230             400.00     1760.00
04231             400.00     1680.00
04232               0.00     1760.00
04233             400.00     1680.00
04234             400.00     1680.00
04235             400.00     1680.00
04236               0.00     1680.00
04237             400.00     1680.00
04238             400.00     1680.00
04239               0.00     1680.00
04240             400.00     1680.00
04241             400.00     1680.00
04242             400.00     1680.00
04243               0.00     1760.00
04244             400.00     1680.00
04245               0.00     1760.00
04246             400.00     1760.00
04247               0.00     1760.00
04248             400.00     1760.00
04249             400.00     1680.00
04250             400.00     1680.00
04251             400.00     1680.00
04252             400.00     1680.00
04253             400.00     1600.00
04254             400.00     1680.00
04255             800.00     1680.00
04256             400.00     1680.00
04257             400.00     1680.00
04258             400.00     1760.00
04259               0.00     1680.00
04260             400.00     1680.00
04261             400.00     1680.00
04262               0.00     1680.00
04263               0.00     1680.00
04264               0.00     1760.00
04265             400.00     1680.00
04266               0.00     1680.00
04267               0.00     1680.00
04268               0.00     1680.00
04269             400.00     1680.00
04270             400.00     1680.00
04271             400.00     1680.00
04272             400.00     1680.00
04273               0.00     1760.00
04274               0.00     1680.00
04275               0.00     1600.00
04276               0.00     1760.00
04277             400.00     1680.00
04278               0.00     1680.00
04279             400.00     1760.00
04280             400.00     2400.00
04281               0.00     1680.00
04282             400.00     1680.00
04283               0.00     1680.00
04284             400.00     1680.00
04285             400.00     1680.00
04286               0.00     1680.00
04287               0.00     1760.00
04288             400.00     1680.00
04289             400.00     1760.00
04290             400.00     1600.00
04291             400.00     1680.00
04292               0.00     1680.00
04293             400.00     1680.00
04294             400.00     1680.00
04295             400.00     1680.00
04296             400.00     1680.00
04297             400.00     1680.00
04298             400.00     1680.00
04299             400.00     1680.00
04300             400.00     1680.00
04301             400.00     1680.00
04302             400.00     1680.00
04303             400.00     1680.00
04304             400.00     1680.00
04305             400.00     1680.00
04306             400.00     1680.00
04307               0.00     1760.00
04308             400.00     1680.00
04309               0.00     1680.00
04310               0.00     1680.00
04311             400.00     1760.00
04312               0.00     1680.00
04313               0.00     1680.00
04314               0.00     1680.00
04315             400.00     1680.00
04316             400.00     1680.00
04317             400.00     1680.00
04318             400.00     1680.00
04319             400.00     1680.00
04320             400.00     1680.00
04321             400.00     1680.00
04322               0.00     1680.00
04323             400.00     1680.00
04324               0.00     1680.00
04325             400.00     1680.00
04326               0.00     1760.00
04327               0.00     1680.00
04328             400.00     1680.00
04329               0.00     1680.00
04330             400.00     1680.00
04331               0.00     1680.00
04332             400.00     1680.00
04333             400.00     1680.00
04334               0.00     1600.00
04335             400.00     1760.00
04336             400.00     1680.00
04337               0.00     1680.00
04338               0.00     1680.00
04339             400.00     1680.00
04340               0.00     1760.00
04341             400.00     1680.00
04342             400.00     1680.00
04343               0.00     1680.00
04344             400.00     1680.00
04345             400.00     1600.00
04346             800.00     1680.00
04347             400.00     1680.00
04348             400.00     1600.00
04349             400.00     1680.00
04350             400.00     1680.00
04351             400.00     1680.00
04352             400.00     1680.00
04353             400.00     1680.00
04354             400.00     1760.00
04355               0.00     1680.00
04356             800.00     1760.00
04357             400.00     1680.00
04358             400.00     1680.00
04359             400.00     1680.00
04360               0.00     1680.00
04361               0.00     1680.00
04362             400.00     1600.00
04363               0.00     1680.00
04364               0.00     1680.00
04365             400.00     1680.00
04366               0.00     1680.00
04367             400.00     1680.00
04368             400.00     1680.00
04369               0.00     1680.00
04370             400.00     1760.00
04371             400.00     1680.00
04372             400.00     1680.00
04373               0.00     1040.00
04374               0.00     1760.00
04375             400.00     1680.00
04376               0.00     1680.00
04377             400.00     1680.00
04378               0.00     1680.00
04379             400.00     1680.00
04380               0.00     1680.00
04381             400.00     1680.00
04382             400.00     1680.00
04383             400.00     1600.00
04384               0.00     1680.00
04385             400.00     1680.00
04386             400.00     1680.00
04387             400.00     1680.00
04388             400.00     1760.00
04389               0.00     1680.00
04390               0.00     1680.00
04391             400.00     1680.00
04392             800.00     1680.00
04393             800.00     1680.00
04394               0.00     1680.00
04395             400.00     1680.00
04396               0.00     1680.00
04397             400.00     1680.00
04398             400.00     1680.00
04399             400.00     1680.00
04400             400.00     1680.00
04401               0.00     1680.00
04402               0.00     1680.00
04403             400.00     1680.00
04404             400.00     1680.00
04405             400.00     1680.00
04406               0.00     1680.00
04407               0.00     1680.00
04408             400.00     1680.00
04409             400.00     1680.00
04410               0.00     1680.00
04411             400.00     1680.00
04412             400.00     1680.00
04413             400.00     1680.00
04414             800.00     1680.00
04415               0.00     1600.00
04416             400.00     1680.00
04417             400.00     1280.00
04418               0.00     1680.00
04419             400.00     1680.00
04420             400.00     1680.00
04421             400.00     1680.00
04422             400.00     1680.00
04423             400.00     1680.00
04424             400.00     1680.00
04425               0.00     1680.00
04426             400.00     1760.00
04427             800.00     1680.00
04428               0.00     1680.00
04429             400.00     1680.00
04430             400.00     1680.00
04431             400.00     1680.00
04432               0.00     1680.00
04433             400.00     1760.00
04434             400.00     1760.00
04435               0.00     1680.00
04436             400.00     1680.00
04437               0.00     1680.00
04438             400.00     1680.00
04439             400.00     1680.00
04440               0.00     1680.00
04441             400.00     1680.00
04442             400.00     1680.00
04443               0.00     1680.00
04444             400.00     1680.00
04445             400.00     1680.00
04446             400.00     1680.00
04447               0.00     1680.00
04448               0.00     1680.00
04449             400.00     1680.00
04450             400.00     1600.00
04451             400.00     1680.00
04452               0.00     1680.00
04453             400.00     1680.00
04454               0.00     1760.00
04455             400.00     1680.00
04456             400.00     1680.00
04457               0.00     1680.00
04458             400.00     1680.00
04459             400.00     1680.00
04460             400.00     1760.00
04461             400.00     1680.00
04462             400.00     1680.00
04463               0.00     1680.00
04464             800.00     1680.00
04465             400.00     1760.00
04466             400.00     1680.00
04467             400.00     1680.00
04468             400.00     1760.00
04469             400.00     1680.00
04470             400.00     1680.00
04471             400.00     1680.00
04472             400.00     1680.00
04473             400.00     1680.00
04474             400.00     1680.00
04475             400.00     1680.00
04476               0.00     1760.00
04477             400.00     1680.00
04478             400.00     1600.00
04479               0.00     1680.00
04480             400.00     1600.00
04481               0.00     1680.00
04482             400.00     1680.00
04483               0.00     1600.00
04484             400.00     1680.00
04485             400.00     1680.00
04486             400.00     1600.00
04487             400.00     1680.00
04488               0.00     1680.00
04489             400.00     1680.00
04490             400.00     1680.00
04491             400.00     1760.00
04492             400.00     1680.00
04493               0.00     1680.00
04494             400.00     1680.00
04495             400.00     1680.00
04496               0.00     1680.00
04497               0.00     1680.00
04498               0.00     1760.00
04499             400.00     1680.00
04500             400.00     1680.00
04501               0.00     1680.00
04502             400.00     1680.00
04503             400.00     1680.00
04504             400.00     1680.00
04505             400.00     1760.00
04506             400.00     1680.00
04507             400.00     1680.00
04508               0.00     1760.00
04509             400.00     1680.00
04510               0.00     1920.00
04511               0.00     1680.00
04512             400.00     1600.00
04513             400.00     1680.00
04514             400.00     1680.00
04515               0.00     1680.00
04516             400.00     1680.00
04517             400.00     1680.00
04518             400.00     1680.00
04519             400.00     1680.00
04520             400.00     2640.00
04521               0.00     1680.00
04522             400.00     1680.00
04523             400.00     1680.00
04524             800.00     1680.00
04525               0.00     1760.00
04526             400.00     1760.00
04527               0.00     1760.00
04528               0.00     1680.00
04529             400.00     1680.00
04530             400.00     1680.00
04531             400.00     1680.00
04532             400.00     1680.00
04533               0.00     1680.00
04534             400.00     1680.00
04535             400.00     1760.00
04536             400.00     1680.00
04537             400.00     1680.00
04538               0.00     1680.00
04539             400.00     1680.00
04540             400.00     1680.00
04541             400.00     1680.00
04542               0.00     1680.00
04543             400.00     1680.00
04544             400.00     1680.00
04545               0.00     1680.00
04546             400.00     1600.00
04547             400.00     1600.00
04548             400.00     1600.00
04549             400.00     1600.00
04550               0.00     1600.00
04551             400.00     1680.00
04552             400.00     1600.00
04553             400.00     1680.00
04554             400.00     1600.00
04555             400.00     1680.00
04556             400.00     1680.00
04557             400.00     1760.00
04558               0.00     1680.00
04559               0.00     1680.00
04560             400.00     1760.00
04561             400.00     1680.00
04562             400.00     1680.00
04563               0.00     1680.00
04564             400.00     1680.00
04565             400.00     1600.00
04566               0.00     1680.00
04567             400.00     1680.00
04568             400.00     1680.00
04569             400.00     1680.00
04570             400.00     1680.00
04571             400.00     1680.00
04572             400.00     1680.00
04573             400.00     1680.00
04574               0.00     1600.00
04575             400.00     1680.00
04576               0.00     1680.00
04577               0.00     1680.00
04578             400.00     1600.00
04579             800.00     1680.00
04580             400.00     1600.00
04581             400.00     1680.00
04582             400.00     1680.00
04583             400.00     1600.00
04584             400.00     1680.00
04585             400.00     1680.00
04586             400.00     1680.00
04587               0.00     1680.00
04588             400.00     1680.00
04589             400.00     1680.00
04590             400.00     1680.00
04591               0.00     1680.00
04592               0.00     1680.00
04593               0.00     1680.00
04594             400.00     1680.00
04595             400.00     1760.00
04596             400.00     1680.00
04597             400.00     1680.00
04598             400.00     1680.00
04599               0.00     1680.00
04600             400.00     1680.00
04601             400.00     1600.00
04602             400.00     1680.00
04603             400.00     1680.00
04604             400.00     1680.00
04605             400.00     1680.00
04606               0.00     1760.00
04607               0.00     1680.00
04608             400.00     1680.00
04609             800.00     1680.00
04610               0.00     1680.00
04611             400.00     1680.00
04612               0.00     1680.00
04613             400.00      960.00
04614             400.00     1600.00
04615               0.00     1600.00
04616             400.00     1600.00
04617             400.00     1680.00
04618             400.00     1600.00
04619               0.00     1680.00
04620             400.00     1680.00
04621             400.00     1680.00
04622             400.00     1680.00
04623             400.00     1600.00
04624               0.00     1680.00
04625             400.00     1760.00
04626             400.00     1680.00
04627             400.00     1680.00
04628               0.00     1680.00
04629             400.00     1680.00
04630             400.00     1680.00
04631               0.00     1760.00
04632             400.00     1680.00
04633             400.00     1680.00
04634             400.00     1680.00
04635             400.00     1760.00
04636             400.00     1680.00
04637             400.00     1680.00
04638             400.00     1680.00
04639               0.00     1600.00
04640             400.00     1680.00
04641             400.00     1680.00
04642               0.00     1680.00
04643             400.00     1680.00
04644             400.00     1760.00
04645             400.00     1680.00
04646               0.00     1680.00
04647               0.00     1680.00
04648             400.00     1680.00
04649               0.00     1680.00
04650             400.00     1680.00
04651             400.00     1680.00
04652               0.00     1680.00
04653             400.00     1680.00
04654               0.00     1760.00
04655             400.00     1680.00
04656             400.00     1760.00
04657             400.00     1040.00
04658               0.00     1680.00
04659             400.00     1680.00
04660             400.00     1760.00
04661               0.00     1680.00
04662             400.00     1680.00
04663             400.00     1680.00
04664             400.00     1760.00
04665             400.00     1680.00
04666               0.00     1680.00
04667             400.00     1680.00
04668             400.00     1680.00
04669               0.00     1680.00
04670               0.00     1760.00
04671             400.00     1680.00
04672               0.00     1760.00
04673             400.00     1600.00
04674               0.00     1680.00
04675               0.00     1680.00
04676             400.00     1680.00
04677             400.00     1680.00
04678               0.00     1680.00
04679             400.00     1680.00
04680               0.00     1680.00
04681             400.00     1680.00
04682             400.00     1760.00
04683             400.00     1680.00
04684             400.00     1680.00
04685             400.00     1680.00
04686               0.00     1680.00
04687             400.00     1760.00
04688               0.00     1680.00
04689               0.00     1760.00
04690             400.00     1760.00
04691             400.00     1760.00
04692             400.00     1680.00
04693             400.00     1680.00
04694             400.00     1680.00
04695             400.00     1760.00
04696             400.00     1680.00
04697             400.00     1680.00
04698             800.00     1760.00
04699             400.00     1680.00
04700             400.00     1680.00
04701             400.00     1600.00
04702             400.00     1680.00
04703               0.00     1680.00
04704               0.00     1680.00
04705               0.00     1680.00
04706               0.00     1680.00
04707               0.00     1680.00
04708             400.00     1760.00
04709             400.00     1680.00
04710             400.00     1680.00
04711             400.00     1600.00
04712             400.00     1680.00
04713             400.00     1680.00
04714             400.00     1760.00
04715             400.00     1680.00
04716             400.00     1680.00
04717             400.00     1600.00
04718             400.00     1680.00
04719             400.00     1680.00
04720               0.00     1680.00
04721             400.00     1600.00
04722               0.00     1760.00
04723               0.00     1760.00
04724             400.00     1680.00
04725             400.00     1760.00
04726               0.00     1680.00
04727             400.00     1680.00
04728               0.00     1680.00
04729             400.00     1680.00
04730             400.00     1760.00
04731             400.00     1680.00
04732             400.00     1680.00
04733             400.00     1680.00
04734               0.00     1680.00
04735               0.00     1680.00
04736             400.00     1680.00
04737               0.00     1680.00
04738               0.00     1680.00
04739             400.00     1680.00
04740             400.00     1680.00
04741             400.00     1680.00
04742               0.00     1680.00
04743               0.00     1680.00
04744             400.00     1680.00
04745             400.00     1680.00
04746             400.00     1680.00
04747             400.00     1680.00
04748             400.00     1680.00
04749             400.00     1680.00
04750             400.00     2240.00
04751             400.00     1680.00
04752               0.00     1680.00
04753             400.00     1680.00
04754               0.00     1680.00
04755             400.00     1680.00
04756             400.00     1680.00
04757             400.00     1680.00
04758               0.00     1680.00
04759               0.00     1760.00
04760             400.00     2560.00
04761             400.00     1680.00
04762               0.00     1680.00
04763               0.00     1680.00
04764               0.00     1680.00
04765               0.00     1680.00
04766             400.00     1680.00
04767             800.00     1680.00
04768             400.00     1680.00
04769             400.00     1680.00
04770             400.00     1600.00
04771             400.00     1680.00
04772             400.00     1680.00
04773             400.00     1680.00
04774             400.00     1680.00
04775             400.00     1680.00
04776               0.00     1680.00
04777             400.00     1680.00
04778             400.00     1680.00
04779             400.00     1680.00
04780               0.00     1680.00
04781             400.00     1680.00
04782             400.00     1760.00
04783             400.00     1680.00
04784               0.00     1680.00
04785               0.00     1680.00
04786             400.00     1760.00
04787               0.00     1680.00
04788             400.00     1760.00
04789             400.00     1680.00
04790             400.00     1680.00
04791             400.00     1760.00
04792             400.00     1680.00
04793             400.00     1680.00
04794             400.00     1760.00
04795             400.00     1680.00
04796             400.00     1680.00
04797             400.00     1680.00
04798             400.00     1680.00
04799             400.00     1680.00
04800             400.00     1680.00
04801             400.00     1760.00
04802             400.00     1680.00
04803             400.00     1680.00
04804               0.00     1680.00
04805               0.00     1680.00
04806               0.00     1680.00
04807             400.00     1680.00
04808             400.00     1680.00
04809             400.00     1680.00
04810             400.00     1680.00
04811             400.00     1680.00
04812               0.00     1680.00
04813             400.00     1600.00
04814               0.00     1680.00
04815               0.00     1680.00
04816             400.00     1680.00
04817               0.00     1680.00
04818             400.00     1760.00
04819             400.00     1760.00
04820               0.00     1680.00
04821               0.00     1760.00
04822             400.00     1680.00
04823             400.00     1680.00
04824             400.00     1760.00
04825               0.00     1760.00
04826               0.00     1680.00
04827             400.00     1760.00
04828             400.00     1680.00
04829               0.00     1680.00
04830               0.00     1600.00
04831             400.00     1680.00
04832             400.00     1680.00
04833             400.00     1680.00
04834               0.00     1680.00
04835             400.00     1680.00
04836               0.00     1680.00
04837               0.00     1760.00
04838             400.00     1680.00
04839             400.00     1680.00
04840             400.00     1680.00
04841             400.00     1680.00
04842             400.00     1680.00
04843             400.00     1680.00
04844             400.00     1680.00
04845             400.00     1680.00
04846             400.00     1680.00
04847               0.00     1760.00
04848               0.00     1680.00
04849             400.00     1680.00
04850             400.00     1680.00
04851             800.00     1680.00
04852               0.00     1680.00
04853             400.00     1040.00
04854             400.00     1760.00
04855             400.00     1680.00
04856             400.00     1680.00
04857             400.00     1680.00
04858             400.00     1760.00
04859             400.00     1760.00
04860               0.00     1680.00
04861               0.00     1680.00
04862               0.00     1680.00
04863               0.00     1600.00
04864               0.00     1600.00
04865               0.00     1680.00
04866               0.00     1680.00
04867             400.00     1760.00
04868               0.00     1680.00
04869             400.00     1680.00
04870               0.00     1760.00
04871             400.00     1680.00
04872             400.00     1680.00
04873             400.00     1600.00
04874               0.00     1680.00
04875               0.00     1680.00
04876             400.00     1680.00
04877               0.00     1680.00
04878               0.00     1680.00
04879               0.00     1680.00
04880               0.00     1760.00
04881             400.00     1680.00
04882             400.00     1680.00
04883             400.00     1680.00
04884               0.00     1680.00
04885             400.00     1680.00
04886             800.00     1680.00
04887             400.00     1680.00
04888             400.00     1680.00
04889             400.00     1760.00
04890             400.00     1760.00
04891             800.00     1680.00
04892             400.00     1680.00
04893             400.00     1760.00
04894             400.00     1760.00
04895               0.00     1680.00
04896             400.00     1680.00
04897             400.00      800.00
04898             800.00     1680.00
04899             400.00     1680.00
04900             400.00     1760.00
04901             400.00     1680.00
04902             400.00     1760.00
04903             400.00     1680.00
04904             400.00     1680.00
04905             400.00     1680.00
04906               0.00     1680.00
04907             400.00     1680.00
04908               0.00     1680.00
04909               0.00     1680.00
04910             400.00     1680.00
04911             400.00     1680.00
04912             400.00     1680.00
04913               0.00     1680.00
04914             400.00     1680.00
04915             400.00     1680.00
04916               0.00     1680.00
04917               0.00     1680.00
04918             400.00     1760.00
04919               0.00     1680.00
04920             400.00     1680.00
04921               0.00     1680.00
04922               0.00     1680.00
04923             400.00     1680.00
04924             400.00     1760.00
04925             400.00     1680.00
04926               0.00     1680.00
04927             400.00     1760.00
04928             400.00     1680.00
04929               0.00     1680.00
04930             400.00     1760.00
04931             400.00     1760.00
04932             400.00     1760.00
04933             400.00     1680.00
04934             400.00     1680.00
04935             400.00     1680.00
04936             400.00     1680.00
04937             400.00     1680.00
04938             400.00     1680.00
04939             400.00     1680.00
04940             400.00     1600.00
04941             400.00     1680.00
04942             400.00     1680.00
04943               0.00     1680.00
04944               0.00     1680.00
04945             400.00     1680.00
04946               0.00     1680.00
04947               0.00     1680.00
04948               0.00     1680.00
04949             400.00     1680.00
04950               0.00     1680.00
04951             400.00     1680.00
04952             400.00     1680.00
04953             400.00     1680.00
04954             400.00     1680.00
04955             400.00     1760.00
04956             400.00     1760.00
04957               0.00     1760.00
04958             400.00     1680.00
04959             400.00     1760.00
04960               0.00     1680.00
04961             400.00     1680.00
04962               0.00     1680.00
04963               0.00     1680.00
04964               0.00     1680.00
04965             400.00     1680.00
04966               0.00     1680.00
04967               0.00     1680.00
04968               0.00     1680.00
04969               0.00     1680.00
04970             400.00     1680.00
04971             400.00     1680.00
04972             400.00     1680.00
04973             400.00     1680.00
04974             400.00     1680.00
04975             400.00     1680.00
04976             400.00     1680.00
04977             400.00     1600.00
04978               0.00     1680.00
04979               0.00     1680.00
04980             400.00     1680.00
04981               0.00     1680.00
04982               0.00     1760.00
04983               0.00     1760.00
04984             400.00     1680.00
04985             400.00     1680.00
04986             400.00     1680.00
04987             400.00     1680.00
04988             400.00     1680.00
04989             400.00     1680.00
04990             400.00     2560.00
04991             400.00     1680.00
04992             400.00     1680.00
04993               0.00     1760.00
04994               0.00     1680.00
04995               0.00     1760.00
04996             400.00     1680.00
04997             400.00     1680.00
04998               0.00     1680.00
04999               0.00     1760.00
05000             400.00     2240.00
